idiom,idiom_token
off the beaten track,<BERTRAM:IDoffthebeatentrackID>
in the running,<BERTRAM:IDintherunningID>
give someone the creeps,<BERTRAM:IDgivesomeonethecreepsID>
do someone proud,<BERTRAM:IDdosomeoneproudID>
take root,<BERTRAM:IDtakerootID>
clean house,<BERTRAM:IDcleanhouseID>
make history,<BERTRAM:IDmakehistoryID>
go all the way,<BERTRAM:IDgoallthewayID>
chapter and verse,<BERTRAM:IDchapterandverseID>
break the bank,<BERTRAM:IDbreakthebankID>
head for the hills,<BERTRAM:IDheadforthehillsID>
in a fog,<BERTRAM:IDinafogID>
bring up the rear,<BERTRAM:IDbringuptherearID>
in the hole,<BERTRAM:IDintheholeID>
true to form,<BERTRAM:IDtruetoformID>
rags to riches,<BERTRAM:IDragstorichesID>
on the ball,<BERTRAM:IDontheballID>
stake a claim,<BERTRAM:IDstakeaclaimID>
up for grabs,<BERTRAM:IDupforgrabsID>
up and running,<BERTRAM:IDupandrunningID>
behind bars,<BERTRAM:IDbehindbarsID>
in my book,<BERTRAM:IDinmybookID>
in black and white,<BERTRAM:IDinblackandwhiteID>
go up in smoke,<BERTRAM:IDgoupinsmokeID>
up the river,<BERTRAM:IDuptheriverID>
make your blood boil,<BERTRAM:IDmakeyourbloodboilID>
rub shoulders,<BERTRAM:IDrubshouldersID>
go spare,<BERTRAM:IDgospareID>
for crying out loud,<BERTRAM:IDforcryingoutloudID>
spot on,<BERTRAM:IDspotonID>
not cricket,<BERTRAM:IDnotcricketID>
in the club,<BERTRAM:IDintheclubID>
under the weather,<BERTRAM:IDundertheweatherID>
act of God,<BERTRAM:IDactofgodID>
play with fire,<BERTRAM:IDplaywithfireID>
ring a bell,<BERTRAM:IDringabellID>
put the boot in,<BERTRAM:IDputthebootinID>
small beer,<BERTRAM:IDsmallbeerID>
turn a blind eye,<BERTRAM:IDturnablindeyeID>
in the black,<BERTRAM:IDintheblackID>
on the nose,<BERTRAM:IDonthenoseID>
rank and file,<BERTRAM:IDrankandfileID>
break someone's heart,<BERTRAM:IDbreaksomeonesheartID>
point the finger,<BERTRAM:IDpointthefingerID>
off and on,<BERTRAM:IDoffandonID>
go to town,<BERTRAM:IDgototownID>
one of those things,<BERTRAM:IDoneofthosethingsID>
keep the peace,<BERTRAM:IDkeepthepeaceID>
by dint of,<BERTRAM:IDbydintofID>
make light of,<BERTRAM:IDmakelightofID>
out of kilter,<BERTRAM:IDoutofkilterID>
get to grips with,<BERTRAM:IDgettogripswithID>
presence of mind,<BERTRAM:IDpresenceofmindID>
fly the flag,<BERTRAM:IDflytheflagID>
over the hill,<BERTRAM:IDoverthehillID>
grind to a halt,<BERTRAM:IDgrindtoahaltID>
cut the crap,<BERTRAM:IDcutthecrapID>
no laughing matter,<BERTRAM:IDnolaughingmatterID>
green light,<BERTRAM:IDgreenlightID>
by the same token,<BERTRAM:IDbythesametokenID>
to the bone,<BERTRAM:IDtotheboneID>
across the board,<BERTRAM:IDacrosstheboardID>
dig deep,<BERTRAM:IDdigdeepID>
let bygones be bygones,<BERTRAM:IDletbygonesbebygonesID>
have a heart,<BERTRAM:IDhaveaheartID>
every man for himself,<BERTRAM:IDeverymanforhimselfID>
follow suit,<BERTRAM:IDfollowsuitID>
part company,<BERTRAM:IDpartcompanyID>
dish the dirt,<BERTRAM:IDdishthedirtID>
hold water,<BERTRAM:IDholdwaterID>
come of age,<BERTRAM:IDcomeofageID>
on the button,<BERTRAM:IDonthebuttonID>
raise the roof,<BERTRAM:IDraisetheroofID>
get a life,<BERTRAM:IDgetalifeID>
dead meat,<BERTRAM:IDdeadmeatID>
bend someone's ear,<BERTRAM:IDbendsomeonesearID>
bear in mind,<BERTRAM:IDbearinmindID>
open someone's eyes,<BERTRAM:IDopensomeoneseyesID>
left and right,<BERTRAM:IDleftandrightID>
fall short,<BERTRAM:IDfallshortID>
seen better days,<BERTRAM:IDseenbetterdaysID>
fun and games,<BERTRAM:IDfunandgamesID>
seal of approval,<BERTRAM:IDsealofapprovalID>
with a will,<BERTRAM:IDwithawillID>
over the counter,<BERTRAM:IDoverthecounterID>
paint the town red,<BERTRAM:IDpaintthetownredID>
in the short run,<BERTRAM:IDintheshortrunID>
get a grip,<BERTRAM:IDgetagripID>
in full swing,<BERTRAM:IDinfullswingID>
under fire,<BERTRAM:IDunderfireID>
hold court,<BERTRAM:IDholdcourtID>
take a dive,<BERTRAM:IDtakeadiveID>
sign of the times,<BERTRAM:IDsignofthetimesID>
on the skids,<BERTRAM:IDontheskidsID>
neck and neck,<BERTRAM:IDneckandneckID>
out of the question,<BERTRAM:IDoutofthequestionID>
under the microscope,<BERTRAM:IDunderthemicroscopeID>
at the end of the day,<BERTRAM:IDattheendofthedayID>
easy as pie,<BERTRAM:IDeasyaspieID>
in the flesh,<BERTRAM:IDinthefleshID>
lay down the law,<BERTRAM:IDlaydownthelawID>
come to terms with,<BERTRAM:IDcometotermswithID>
to say the least,<BERTRAM:IDtosaytheleastID>
walk of life,<BERTRAM:IDwalkoflifeID>
behind someone's back,<BERTRAM:IDbehindsomeonesbackID>
doom and gloom,<BERTRAM:IDdoomandgloomID>
on the side of the angels,<BERTRAM:IDonthesideoftheangelsID>
put the wind up,<BERTRAM:IDputthewindupID>
push the envelope,<BERTRAM:IDpushtheenvelopeID>
cog in the machine,<BERTRAM:IDcoginthemachineID>
for good measure,<BERTRAM:IDforgoodmeasureID>
from scratch,<BERTRAM:IDfromscratchID>
slow burn,<BERTRAM:IDslowburnID>
with a view to,<BERTRAM:IDwithaviewtoID>
chase your tail,<BERTRAM:IDchaseyourtailID>
eyeball to eyeball,<BERTRAM:IDeyeballtoeyeballID>
no questions asked,<BERTRAM:IDnoquestionsaskedID>
catch fire,<BERTRAM:IDcatchfireID>
in hot water,<BERTRAM:IDinhotwaterID>
kiss of life,<BERTRAM:IDkissoflifeID>
on the money,<BERTRAM:IDonthemoneyID>
think twice,<BERTRAM:IDthinktwiceID>
on the ropes,<BERTRAM:IDontheropesID>
piss and vinegar,<BERTRAM:IDpissandvinegarID>
turn the corner,<BERTRAM:IDturnthecornerID>
no holds barred,<BERTRAM:IDnoholdsbarredID>
odds and ends,<BERTRAM:IDoddsandendsID>
hard cheese,<BERTRAM:IDhardcheeseID>
crystal clear,<BERTRAM:IDcrystalclearID>
on the house,<BERTRAM:IDonthehouseID>
in the long term,<BERTRAM:IDinthelongtermID>
under the table,<BERTRAM:IDunderthetableID>
play for time,<BERTRAM:IDplayfortimeID>
keep a low profile,<BERTRAM:IDkeepalowprofileID>
tell it like it is,<BERTRAM:IDtellitlikeitisID>
cut the mustard,<BERTRAM:IDcutthemustardID>
fall into place,<BERTRAM:IDfallintoplaceID>
all the rage,<BERTRAM:IDalltherageID>
round the clock,<BERTRAM:IDroundtheclockID>
cut corners,<BERTRAM:IDcutcornersID>
touch and go,<BERTRAM:IDtouchandgoID>
make ends meet,<BERTRAM:IDmakeendsmeetID>
lie low,<BERTRAM:IDlielowID>
quick as a flash,<BERTRAM:IDquickasaflashID>
get the picture,<BERTRAM:IDgetthepictureID>
nuts and bolts,<BERTRAM:IDnutsandboltsID>
out of line,<BERTRAM:IDoutoflineID>
man of god,<BERTRAM:IDmanofgodID>
jump the gun,<BERTRAM:IDjumpthegunID>
count sheep,<BERTRAM:IDcountsheepID>
nothing to it,<BERTRAM:IDnothingtoitID>
sing the praises of,<BERTRAM:IDsingthepraisesofID>
get the nod,<BERTRAM:IDgetthenodID>
at sea,<BERTRAM:IDatseaID>
in light of,<BERTRAM:IDinlightofID>
out of this world,<BERTRAM:IDoutofthisworldID>
watering hole,<BERTRAM:IDwateringholeID>
come clean,<BERTRAM:IDcomecleanID>
with a vengeance,<BERTRAM:IDwithavengeanceID>
call it a day,<BERTRAM:IDcallitadayID>
turn someone's head,<BERTRAM:IDturnsomeonesheadID>
play games,<BERTRAM:IDplaygamesID>
do the trick,<BERTRAM:IDdothetrickID>
spend a penny,<BERTRAM:IDspendapennyID>
mean business,<BERTRAM:IDmeanbusinessID>
pull a face,<BERTRAM:IDpullafaceID>
in the final analysis,<BERTRAM:IDinthefinalanalysisID>
on the horn,<BERTRAM:IDonthehornID>
rub someone up the wrong way,<BERTRAM:IDrubsomeoneupthewrongwayID>
on the rocks,<BERTRAM:IDontherocksID>
knock it off,<BERTRAM:IDknockitoffID>
writ large,<BERTRAM:IDwritlargeID>
on edge,<BERTRAM:IDonedgeID>
mark someone's card,<BERTRAM:IDmarksomeonescardID>
at the crossroads,<BERTRAM:IDatthecrossroadsID>
down and out,<BERTRAM:IDdownandoutID>
by the book,<BERTRAM:IDbythebookID>
on the shelf,<BERTRAM:IDontheshelfID>
in the long run,<BERTRAM:IDinthelongrunID>
game on,<BERTRAM:IDgameonID>
give someone the eye,<BERTRAM:IDgivesomeonetheeyeID>
pissed off,<BERTRAM:IDpissedoffID>
bear fruit,<BERTRAM:IDbearfruitID>
beat about the bush,<BERTRAM:IDbeataboutthebushID>
foam at the mouth,<BERTRAM:IDfoamatthemouthID>
twist someone's arm,<BERTRAM:IDtwistsomeonesarmID>
sit on the fence,<BERTRAM:IDsitonthefenceID>
on a roll,<BERTRAM:IDonarollID>
behind closed doors,<BERTRAM:IDbehindcloseddoorsID>
pleased as punch,<BERTRAM:IDpleasedaspunchID>
save the day,<BERTRAM:IDsavethedayID>
fight shy of,<BERTRAM:IDfightshyofID>
cut no ice,<BERTRAM:IDcutnoiceID>
no dice,<BERTRAM:IDnodiceID>
lay odds,<BERTRAM:IDlayoddsID>
free rein,<BERTRAM:IDfreereinID>
come unstuck,<BERTRAM:IDcomeunstuckID>
thick and fast,<BERTRAM:IDthickandfastID>
on paper,<BERTRAM:IDonpaperID>
in the driving seat,<BERTRAM:IDinthedrivingseatID>
get lost,<BERTRAM:IDgetlostID>
catch a cold,<BERTRAM:IDcatchacoldID>
in someone's pocket,<BERTRAM:IDinsomeonespocketID>
over the moon,<BERTRAM:IDoverthemoonID>
go without saying,<BERTRAM:IDgowithoutsayingID>
take the liberty,<BERTRAM:IDtakethelibertyID>
get stuck in,<BERTRAM:IDgetstuckinID>
scream blue murder,<BERTRAM:IDscreambluemurderID>
make the cut,<BERTRAM:IDmakethecutID>
in the can,<BERTRAM:IDinthecanID>
take it from me,<BERTRAM:IDtakeitfrommeID>
make a splash,<BERTRAM:IDmakeasplashID>
pecking order,<BERTRAM:IDpeckingorderID>
fall by the wayside,<BERTRAM:IDfallbythewaysideID>
make the grade,<BERTRAM:IDmakethegradeID>
to the tune of,<BERTRAM:IDtothetuneofID>
stand someone in good stead,<BERTRAM:IDstandsomeoneingoodsteadID>
hit the right note,<BERTRAM:IDhittherightnoteID>
spring to mind,<BERTRAM:IDspringtomindID>
carrot and stick,<BERTRAM:IDcarrotandstickID>
on the carpet,<BERTRAM:IDonthecarpetID>
take someone's word for it,<BERTRAM:IDtakesomeoneswordforitID>
below par,<BERTRAM:IDbelowparID>
on the spur of the moment,<BERTRAM:IDonthespurofthemomentID>
on the face of it,<BERTRAM:IDonthefaceofitID>
pick up the tab,<BERTRAM:IDpickupthetabID>
around the clock,<BERTRAM:IDaroundtheclockID>
economical with the truth,<BERTRAM:IDeconomicalwiththetruthID>
step on it,<BERTRAM:IDsteponitID>
buy time,<BERTRAM:IDbuytimeID>
put paid to,<BERTRAM:IDputpaidtoID>
the grass is always greener,<BERTRAM:IDthegrassisalwaysgreenerID>
to the hilt,<BERTRAM:IDtothehiltID>
on the game,<BERTRAM:IDonthegameID>
hot air,<BERTRAM:IDhotairID>
on board,<BERTRAM:IDonboardID>
lose heart,<BERTRAM:IDloseheartID>
slippery slope,<BERTRAM:IDslipperyslopeID>
walk free,<BERTRAM:IDwalkfreeID>
change your tune,<BERTRAM:IDchangeyourtuneID>
all and sundry,<BERTRAM:IDallandsundryID>
jump through hoops,<BERTRAM:IDjumpthroughhoopsID>
out to lunch,<BERTRAM:IDouttolunchID>
from rags to riches,<BERTRAM:IDfromragstorichesID>
in no uncertain terms,<BERTRAM:IDinnouncertaintermsID>
hear things,<BERTRAM:IDhearthingsID>
on the back of,<BERTRAM:IDonthebackofID>
twist the knife,<BERTRAM:IDtwisttheknifeID>
once in a while,<BERTRAM:IDonceinawhileID>
all along,<BERTRAM:IDallalongID>
blow hot and cold,<BERTRAM:IDblowhotandcoldID>
ahead of the game,<BERTRAM:IDaheadofthegameID>
go to the wall,<BERTRAM:IDgotothewallID>
sleep rough,<BERTRAM:IDsleeproughID>
catch someone's eye,<BERTRAM:IDcatchsomeoneseyeID>
go through the motions,<BERTRAM:IDgothroughthemotionsID>
one and the same,<BERTRAM:IDoneandthesameID>
oil and water,<BERTRAM:IDoilandwaterID>
force someone's hand,<BERTRAM:IDforcesomeoneshandID>
for keeps,<BERTRAM:IDforkeepsID>
pure and simple,<BERTRAM:IDpureandsimpleID>
round the bend,<BERTRAM:IDroundthebendID>
new blood,<BERTRAM:IDnewbloodID>
yes and no,<BERTRAM:IDyesandnoID>
read between the lines,<BERTRAM:IDreadbetweenthelinesID>
get a move on,<BERTRAM:IDgetamoveonID>
steer clear of,<BERTRAM:IDsteerclearofID>
lead someone up the garden path,<BERTRAM:IDleadsomeoneupthegardenpathID>
break new ground,<BERTRAM:IDbreaknewgroundID>
once and for all,<BERTRAM:IDonceandforallID>
as a rule,<BERTRAM:IDasaruleID>
off the shelf,<BERTRAM:IDofftheshelfID>
anyone's guess,<BERTRAM:IDanyonesguessID>
dyed in the wool,<BERTRAM:IDdyedinthewoolID>
man and boy,<BERTRAM:IDmanandboyID>
pull strings,<BERTRAM:IDpullstringsID>
chew the fat,<BERTRAM:IDchewthefatID>
over your head,<BERTRAM:IDoveryourheadID>
for the time being,<BERTRAM:IDforthetimebeingID>
licence to print money,<BERTRAM:IDlicencetoprintmoneyID>
water under the bridge,<BERTRAM:IDwaterunderthebridgeID>
take a dim view of,<BERTRAM:IDtakeadimviewofID>
make a move,<BERTRAM:IDmakeamoveID>
for a song,<BERTRAM:IDforasongID>
the joke is on someone,<BERTRAM:IDthejokeisonsomeoneID>
hands down,<BERTRAM:IDhandsdownID>
hit the bottle,<BERTRAM:IDhitthebottleID>
in the dock,<BERTRAM:IDinthedockID>
off the wall,<BERTRAM:IDoffthewallID>
meat and potatoes,<BERTRAM:IDmeatandpotatoesID>
go overboard,<BERTRAM:IDgooverboardID>
jump to conclusions,<BERTRAM:IDjumptoconclusionsID>
all in a day's work,<BERTRAM:IDallinadaysworkID>
in the buff,<BERTRAM:IDinthebuffID>
in the clear,<BERTRAM:IDintheclearID>
in stitches,<BERTRAM:IDinstitchesID>
state of the art,<BERTRAM:IDstateoftheartID>
dry as dust,<BERTRAM:IDdryasdustID>
in the offing,<BERTRAM:IDintheoffingID>
all over the place,<BERTRAM:IDallovertheplaceID>
put two and two together,<BERTRAM:IDputtwoandtwotogetherID>
work wonders,<BERTRAM:IDworkwondersID>
sick and tired,<BERTRAM:IDsickandtiredID>
join the club,<BERTRAM:IDjointheclubID>
lay an egg,<BERTRAM:IDlayaneggID>
at a snail's pace,<BERTRAM:IDatasnailspaceID>
tit for tat,<BERTRAM:IDtitfortatID>
wet behind the ears,<BERTRAM:IDwetbehindtheearsID>
go hand in hand,<BERTRAM:IDgohandinhandID>
dressed to kill,<BERTRAM:IDdressedtokillID>
off the mark,<BERTRAM:IDoffthemarkID>
every last,<BERTRAM:IDeverylastID>
come to mind,<BERTRAM:IDcometomindID>
set eyes on,<BERTRAM:IDseteyesonID>
sink or swim,<BERTRAM:IDsinkorswimID>
out of order,<BERTRAM:IDoutoforderID>
show a leg,<BERTRAM:IDshowalegID>
play hard to get,<BERTRAM:IDplayhardtogetID>
donkey work,<BERTRAM:IDdonkeyworkID>
go public,<BERTRAM:IDgopublicID>
out of the blue,<BERTRAM:IDoutoftheblueID>
take stock,<BERTRAM:IDtakestockID>
a hair's breadth,<BERTRAM:IDahairsbreadthID>
get up someone's nose,<BERTRAM:IDgetupsomeonesnoseID>
old hat,<BERTRAM:IDoldhatID>
young blood,<BERTRAM:IDyoungbloodID>
out and about,<BERTRAM:IDoutandaboutID>
in a nutshell,<BERTRAM:IDinanutshellID>
grin like a Cheshire cat,<BERTRAM:IDgrinlikeacheshirecatID>
under a cloud,<BERTRAM:IDunderacloudID>
blaze a trail,<BERTRAM:IDblazeatrailID>
up to no good,<BERTRAM:IDuptonogoodID>
open the floodgates,<BERTRAM:IDopenthefloodgatesID>
scratch the surface,<BERTRAM:IDscratchthesurfaceID>
run amok,<BERTRAM:IDrunamokID>
rise to the occasion,<BERTRAM:IDrisetotheoccasionID>
under the influence,<BERTRAM:IDundertheinfluenceID>
body blow,<BERTRAM:IDbodyblowID>
take heart,<BERTRAM:IDtakeheartID>
see stars,<BERTRAM:IDseestarsID>
keep your pecker up,<BERTRAM:IDkeepyourpeckerupID>
turn something on its head,<BERTRAM:IDturnsomethingonitsheadID>
at a loose end,<BERTRAM:IDatalooseendID>
above par,<BERTRAM:IDaboveparID>
take the piss,<BERTRAM:IDtakethepissID>
on the warpath,<BERTRAM:IDonthewarpathID>
have kittens,<BERTRAM:IDhavekittensID>
come to think of it,<BERTRAM:IDcometothinkofitID>
song and dance,<BERTRAM:IDsonganddanceID>
go it alone,<BERTRAM:IDgoitaloneID>
second nature,<BERTRAM:IDsecondnatureID>
no man's land,<BERTRAM:IDnomanslandID>
black and blue,<BERTRAM:IDblackandblueID>
at a stretch,<BERTRAM:IDatastretchID>
tried and true,<BERTRAM:IDtriedandtrueID>
on the blink,<BERTRAM:IDontheblinkID>
on the mend,<BERTRAM:IDonthemendID>
as the actress said to the bishop,<BERTRAM:IDastheactresssaidtothebishopID>
to all intents and purposes,<BERTRAM:IDtoallintentsandpurposesID>
cross swords,<BERTRAM:IDcrossswordsID>
serve someone right,<BERTRAM:IDservesomeonerightID>
beg the question,<BERTRAM:IDbegthequestionID>
run a mile,<BERTRAM:IDrunamileID>
go straight,<BERTRAM:IDgostraightID>
take someone for a ride,<BERTRAM:IDtakesomeoneforarideID>
against the grain,<BERTRAM:IDagainstthegrainID>
in the bag,<BERTRAM:IDinthebagID>
free and easy,<BERTRAM:IDfreeandeasyID>
out cold,<BERTRAM:IDoutcoldID>
bite the bullet,<BERTRAM:IDbitethebulletID>
ride roughshod over,<BERTRAM:IDrideroughshodoverID>
in spades,<BERTRAM:IDinspadesID>
live and learn,<BERTRAM:IDliveandlearnID>
get to the bottom of,<BERTRAM:IDgettothebottomofID>
watch this space,<BERTRAM:IDwatchthisspaceID>
down in the mouth,<BERTRAM:IDdowninthemouthID>
get stuck into,<BERTRAM:IDgetstuckintoID>
hair of the dog,<BERTRAM:IDhairofthedogID>
short shrift,<BERTRAM:IDshortshriftID>
step on someone's toes,<BERTRAM:IDsteponsomeonestoesID>
close call,<BERTRAM:IDclosecallID>
work to rule,<BERTRAM:IDworktoruleID>
sweetness and light,<BERTRAM:IDsweetnessandlightID>
turn heads,<BERTRAM:IDturnheadsID>
keep someone in the dark,<BERTRAM:IDkeepsomeoneinthedarkID>
hold someone's hand,<BERTRAM:IDholdsomeoneshandID>
back to square one,<BERTRAM:IDbacktosquareoneID>
kill the goose that lays the golden egg,<BERTRAM:IDkillthegoosethatlaysthegoldeneggID>
call the shots,<BERTRAM:IDcalltheshotsID>
off the hook,<BERTRAM:IDoffthehookID>
on the square,<BERTRAM:IDonthesquareID>
thick as thieves,<BERTRAM:IDthickasthievesID>
word of mouth,<BERTRAM:IDwordofmouthID>
fall on deaf ears,<BERTRAM:IDfallondeafearsID>
cut both ways,<BERTRAM:IDcutbothwaysID>
out of the woods,<BERTRAM:IDoutofthewoodsID>
by hook or by crook,<BERTRAM:IDbyhookorbycrookID>
rock bottom,<BERTRAM:IDrockbottomID>
off the record,<BERTRAM:IDofftherecordID>
out of pocket,<BERTRAM:IDoutofpocketID>
go from strength to strength,<BERTRAM:IDgofromstrengthtostrengthID>
in this day and age,<BERTRAM:IDinthisdayandageID>
eat like a horse,<BERTRAM:IDeatlikeahorseID>
at cross purposes,<BERTRAM:IDatcrosspurposesID>
in the red,<BERTRAM:IDintheredID>
to the letter,<BERTRAM:IDtotheletterID>
on someone's mind,<BERTRAM:IDonsomeonesmindID>
in tandem,<BERTRAM:IDintandemID>
fight tooth and nail,<BERTRAM:IDfighttoothandnailID>
wide of the mark,<BERTRAM:IDwideofthemarkID>
up in the air,<BERTRAM:IDupintheairID>
change hands,<BERTRAM:IDchangehandsID>
wipe the floor with,<BERTRAM:IDwipethefloorwithID>
rough edges,<BERTRAM:IDroughedgesID>
one of those days,<BERTRAM:IDoneofthosedaysID>
bite the dust,<BERTRAM:IDbitethedustID>
come to grips with,<BERTRAM:IDcometogripswithID>
pie in the sky,<BERTRAM:IDpieintheskyID>
lay eyes on,<BERTRAM:IDlayeyesonID>
do a number on,<BERTRAM:IDdoanumberonID>
anything goes,<BERTRAM:IDanythinggoesID>
pull out all the stops,<BERTRAM:IDpulloutallthestopsID>
at a pinch,<BERTRAM:IDatapinchID>
lame duck,<BERTRAM:IDlameduckID>
in broad daylight,<BERTRAM:IDinbroaddaylightID>
in bed with,<BERTRAM:IDinbedwithID>
go bananas,<BERTRAM:IDgobananasID>
out of the box,<BERTRAM:IDoutoftheboxID>
from the word go,<BERTRAM:IDfromthewordgoID>
win the day,<BERTRAM:IDwinthedayID>
rough and ready,<BERTRAM:IDroughandreadyID>
too big for your boots,<BERTRAM:IDtoobigforyourbootsID>
have a ball,<BERTRAM:IDhaveaballID>
cast your mind back,<BERTRAM:IDcastyourmindbackID>
on the cards,<BERTRAM:IDonthecardsID>
keep a lid on,<BERTRAM:IDkeepalidonID>
sure as eggs is eggs,<BERTRAM:IDsureaseggsiseggsID>
bite your tongue,<BERTRAM:IDbiteyourtongueID>
face to face,<BERTRAM:IDfacetofaceID>
boys will be boys,<BERTRAM:IDboyswillbeboysID>
square the circle,<BERTRAM:IDsquarethecircleID>
to a turn,<BERTRAM:IDtoaturnID>
few and far between,<BERTRAM:IDfewandfarbetweenID>
head south,<BERTRAM:IDheadsouthID>
kick the habit,<BERTRAM:IDkickthehabitID>
draw a blank,<BERTRAM:IDdrawablankID>
great minds think alike,<BERTRAM:IDgreatmindsthinkalikeID>
far and away,<BERTRAM:IDfarandawayID>
go the distance,<BERTRAM:IDgothedistanceID>
keep up appearances,<BERTRAM:IDkeepupappearancesID>
sweep the board,<BERTRAM:IDsweeptheboardID>
settle a score,<BERTRAM:IDsettleascoreID>
jump on the bandwagon,<BERTRAM:IDjumponthebandwagonID>
in the saddle,<BERTRAM:IDinthesaddleID>
stroke of luck,<BERTRAM:IDstrokeofluckID>
blow a fuse,<BERTRAM:IDblowafuseID>
all hell broke loose,<BERTRAM:IDallhellbrokelooseID>
carry the day,<BERTRAM:IDcarrythedayID>
on the level,<BERTRAM:IDonthelevelID>
under the sun,<BERTRAM:IDunderthesunID>
fill someone's shoes,<BERTRAM:IDfillsomeonesshoesID>
break even,<BERTRAM:IDbreakevenID>
on the trot,<BERTRAM:IDonthetrotID>
claim to fame,<BERTRAM:IDclaimtofameID>
out of sight,<BERTRAM:IDoutofsightID>
head over heels,<BERTRAM:IDheadoverheelsID>
play ball,<BERTRAM:IDplayballID>
wipe someone's eye,<BERTRAM:IDwipesomeoneseyeID>
get the better of,<BERTRAM:IDgetthebetterofID>
brownie point,<BERTRAM:IDbrowniepointID>
high as a kite,<BERTRAM:IDhighasakiteID>
make head or tail of,<BERTRAM:IDmakeheadortailofID>
over the top,<BERTRAM:IDoverthetopID>
take a powder,<BERTRAM:IDtakeapowderID>
to boot,<BERTRAM:IDtobootID>
many moons ago,<BERTRAM:IDmanymoonsagoID>
as luck would have it,<BERTRAM:IDasluckwouldhaveitID>
save face,<BERTRAM:IDsavefaceID>
gather dust,<BERTRAM:IDgatherdustID>
have words,<BERTRAM:IDhavewordsID>
do the right thing,<BERTRAM:IDdotherightthingID>
kick up a stink,<BERTRAM:IDkickupastinkID>
any port in a storm,<BERTRAM:IDanyportinastormID>
err on the side of,<BERTRAM:IDerronthesideofID>
fair and square,<BERTRAM:IDfairandsquareID>
curry favour,<BERTRAM:IDcurryfavourID>
into thin air,<BERTRAM:IDintothinairID>
have been around,<BERTRAM:IDhavebeenaroundID>
tongue in cheek,<BERTRAM:IDtongueincheekID>
hit the headlines,<BERTRAM:IDhittheheadlinesID>
nine times out of ten,<BERTRAM:IDninetimesoutoftenID>
your guess is as good as mine,<BERTRAM:IDyourguessisasgoodasmineID>
by the back door,<BERTRAM:IDbythebackdoorID>
by and large,<BERTRAM:IDbyandlargeID>
stick your neck out,<BERTRAM:IDstickyourneckoutID>
take someone to the cleaners,<BERTRAM:IDtakesomeonetothecleanersID>
spin a yarn,<BERTRAM:IDspinayarnID>
out of the running,<BERTRAM:IDoutoftherunningID>
take it easy,<BERTRAM:IDtakeiteasyID>
have the last laugh,<BERTRAM:IDhavethelastlaughID>
break the ice,<BERTRAM:IDbreaktheiceID>
come full circle,<BERTRAM:IDcomefullcircleID>
look the part,<BERTRAM:IDlookthepartID>
in the same breath,<BERTRAM:IDinthesamebreathID>
wear the trousers,<BERTRAM:IDwearthetrousersID>
forbidden fruit,<BERTRAM:IDforbiddenfruitID>
toe the line,<BERTRAM:IDtoethelineID>
bring the house down,<BERTRAM:IDbringthehousedownID>
heads will roll,<BERTRAM:IDheadswillrollID>
down at heel,<BERTRAM:IDdownatheelID>
way to go,<BERTRAM:IDwaytogoID>
go by the board,<BERTRAM:IDgobytheboardID>
follow in someone's footsteps,<BERTRAM:IDfollowinsomeonesfootstepsID>
get cracking,<BERTRAM:IDgetcrackingID>
go down the wrong way,<BERTRAM:IDgodownthewrongwayID>
stop at nothing,<BERTRAM:IDstopatnothingID>
first off,<BERTRAM:IDfirstoffID>
feel the pinch,<BERTRAM:IDfeelthepinchID>
take a back seat,<BERTRAM:IDtakeabackseatID>
take the plunge,<BERTRAM:IDtaketheplungeID>
grasp the nettle,<BERTRAM:IDgraspthenettleID>
set the wheels in motion,<BERTRAM:IDsetthewheelsinmotionID>
basket case,<BERTRAM:IDbasketcaseID>
streets ahead,<BERTRAM:IDstreetsaheadID>
run riot,<BERTRAM:IDrunriotID>
unknown quantity,<BERTRAM:IDunknownquantityID>
make a killing,<BERTRAM:IDmakeakillingID>
sign on the dotted line,<BERTRAM:IDsignonthedottedlineID>
foot the bill,<BERTRAM:IDfootthebillID>
make hay,<BERTRAM:IDmakehayID>
pour cold water on,<BERTRAM:IDpourcoldwateronID>
make a go of,<BERTRAM:IDmakeagoofID>
break the back of,<BERTRAM:IDbreakthebackofID>
on the fly,<BERTRAM:IDontheflyID>
neither here nor there,<BERTRAM:IDneitherherenorthereID>
by heart,<BERTRAM:IDbyheartID>
bleeding heart,<BERTRAM:IDbleedingheartID>
small print,<BERTRAM:IDsmallprintID>
talk out of turn,<BERTRAM:IDtalkoutofturnID>
in the family way,<BERTRAM:IDinthefamilywayID>
clutch at straws,<BERTRAM:IDclutchatstrawsID>
rule of thumb,<BERTRAM:IDruleofthumbID>
walk the plank,<BERTRAM:IDwalktheplankID>
dog eat dog,<BERTRAM:IDdogeatdogID>
drop a hint,<BERTRAM:IDdropahintID>
prodigal son,<BERTRAM:IDprodigalsonID>
down the road,<BERTRAM:IDdowntheroadID>
bottom drawer,<BERTRAM:IDbottomdrawerID>
all wet,<BERTRAM:IDallwetID>
hit home,<BERTRAM:IDhithomeID>
for the hell of it,<BERTRAM:IDforthehellofitID>
rare bird,<BERTRAM:IDrarebirdID>
with knobs on,<BERTRAM:IDwithknobsonID>
never say die,<BERTRAM:IDneversaydieID>
have it easy,<BERTRAM:IDhaveiteasyID>
talk shop,<BERTRAM:IDtalkshopID>
siren song,<BERTRAM:IDsirensongID>
hit the road,<BERTRAM:IDhittheroadID>
cut and thrust,<BERTRAM:IDcutandthrustID>
full tilt,<BERTRAM:IDfulltiltID>
spill the beans,<BERTRAM:IDspillthebeansID>
down the drain,<BERTRAM:IDdownthedrainID>
drop the ball,<BERTRAM:IDdroptheballID>
work like a charm,<BERTRAM:IDworklikeacharmID>
behind the scenes,<BERTRAM:IDbehindthescenesID>
rough and tumble,<BERTRAM:IDroughandtumbleID>
in the works,<BERTRAM:IDintheworksID>
come to a head,<BERTRAM:IDcometoaheadID>
live a lie,<BERTRAM:IDlivealieID>
off the cuff,<BERTRAM:IDoffthecuffID>
hold the purse strings,<BERTRAM:IDholdthepursestringsID>
hit the jackpot,<BERTRAM:IDhitthejackpotID>
take liberties,<BERTRAM:IDtakelibertiesID>
high and dry,<BERTRAM:IDhighanddryID>
fair game,<BERTRAM:IDfairgameID>
kicking and screaming,<BERTRAM:IDkickingandscreamingID>
cut loose,<BERTRAM:IDcutlooseID>
talk dirty,<BERTRAM:IDtalkdirtyID>
cost the earth,<BERTRAM:IDcosttheearthID>
fall between two stools,<BERTRAM:IDfallbetweentwostoolsID>
hand in glove,<BERTRAM:IDhandingloveID>
in the loop,<BERTRAM:IDintheloopID>
saved by the bell,<BERTRAM:IDsavedbythebellID>
hope against hope,<BERTRAM:IDhopeagainsthopeID>
on ice,<BERTRAM:IDoniceID>
in the pipeline,<BERTRAM:IDinthepipelineID>
deaf as a post,<BERTRAM:IDdeafasapostID>
smoke like a chimney,<BERTRAM:IDsmokelikeachimneyID>
put a foot wrong,<BERTRAM:IDputafootwrongID>
ride high,<BERTRAM:IDridehighID>
cuckoo in the nest,<BERTRAM:IDcuckoointhenestID>
know no bounds,<BERTRAM:IDknownoboundsID>
heart of gold,<BERTRAM:IDheartofgoldID>
child's play,<BERTRAM:IDchildsplayID>
fit as a fiddle,<BERTRAM:IDfitasafiddleID>
make or break,<BERTRAM:IDmakeorbreakID>
full of beans,<BERTRAM:IDfullofbeansID>
beat swords into ploughshares,<BERTRAM:IDbeatswordsintoploughsharesID>
early bird,<BERTRAM:IDearlybirdID>
grasp at straws,<BERTRAM:IDgraspatstrawsID>
add insult to injury,<BERTRAM:IDaddinsulttoinjuryID>
the ayes have it,<BERTRAM:IDtheayeshaveitID>
horses for courses,<BERTRAM:IDhorsesforcoursesID>
chuck it down,<BERTRAM:IDchuckitdownID>
touch wood,<BERTRAM:IDtouchwoodID>
get wind of,<BERTRAM:IDgetwindofID>
kick ass,<BERTRAM:IDkickassID>
old as the hills,<BERTRAM:IDoldasthehillsID>
full marks,<BERTRAM:IDfullmarksID>
call someone's bluff,<BERTRAM:IDcallsomeonesbluffID>
that makes two of us,<BERTRAM:IDthatmakestwoofusID>
as the crow flies,<BERTRAM:IDasthecrowfliesID>
hold the fort,<BERTRAM:IDholdthefortID>
strike while the iron is hot,<BERTRAM:IDstrikewhiletheironishotID>
rock the boat,<BERTRAM:IDrocktheboatID>
make someone's day,<BERTRAM:IDmakesomeonesdayID>
take a bath,<BERTRAM:IDtakeabathID>
cold comfort,<BERTRAM:IDcoldcomfortID>
come up trumps,<BERTRAM:IDcomeuptrumpsID>
out of sorts,<BERTRAM:IDoutofsortsID>
flash in the pan,<BERTRAM:IDflashinthepanID>
laughing stock,<BERTRAM:IDlaughingstockID>
rise from the ashes,<BERTRAM:IDrisefromtheashesID>
lose your head,<BERTRAM:IDloseyourheadID>
pick up the pieces,<BERTRAM:IDpickupthepiecesID>
make waves,<BERTRAM:IDmakewavesID>
"been there, done that",<BERTRAM:IDbeentheredonethatID>
see red,<BERTRAM:IDseeredID>
pay through the nose,<BERTRAM:IDpaythroughthenoseID>
born and bred,<BERTRAM:IDbornandbredID>
boys in blue,<BERTRAM:IDboysinblueID>
now or never,<BERTRAM:IDnoworneverID>
mend fences,<BERTRAM:IDmendfencesID>
home and dry,<BERTRAM:IDhomeanddryID>
have a screw loose,<BERTRAM:IDhaveascrewlooseID>
the die is cast,<BERTRAM:IDthedieiscastID>
get away with murder,<BERTRAM:IDgetawaywithmurderID>
close to home,<BERTRAM:IDclosetohomeID>
go downhill,<BERTRAM:IDgodownhillID>
sleight of hand,<BERTRAM:IDsleightofhandID>
go great guns,<BERTRAM:IDgogreatgunsID>
get off the ground,<BERTRAM:IDgetoffthegroundID>
call the tune,<BERTRAM:IDcallthetuneID>
piping hot,<BERTRAM:IDpipinghotID>
from the cradle to the grave,<BERTRAM:IDfromthecradletothegraveID>
pull rank,<BERTRAM:IDpullrankID>
take the bull by the horns,<BERTRAM:IDtakethebullbythehornsID>
fall from grace,<BERTRAM:IDfallfromgraceID>
life and limb,<BERTRAM:IDlifeandlimbID>
kill the goose that lays the golden eggs,<BERTRAM:IDkillthegoosethatlaysthegoldeneggsID>
no sweat,<BERTRAM:IDnosweatID>
break ranks,<BERTRAM:IDbreakranksID>
breathe down someone's neck,<BERTRAM:IDbreathedownsomeonesneckID>
on your toes,<BERTRAM:IDonyourtoesID>
give something a miss,<BERTRAM:IDgivesomethingamissID>
over my dead body,<BERTRAM:IDovermydeadbodyID>
no strings attached,<BERTRAM:IDnostringsattachedID>
take the mickey,<BERTRAM:IDtakethemickeyID>
under the wire,<BERTRAM:IDunderthewireID>
odd one out,<BERTRAM:IDoddoneoutID>
be my guest,<BERTRAM:IDbemyguestID>
down the tubes,<BERTRAM:IDdownthetubesID>
man's best friend,<BERTRAM:IDmansbestfriendID>
on the take,<BERTRAM:IDonthetakeID>
hold your horses,<BERTRAM:IDholdyourhorsesID>
tell tales,<BERTRAM:IDtelltalesID>
go down a storm,<BERTRAM:IDgodownastormID>
at the drop of a hat,<BERTRAM:IDatthedropofahatID>
first among equals,<BERTRAM:IDfirstamongequalsID>
one for the road,<BERTRAM:IDonefortheroadID>
turn the screw,<BERTRAM:IDturnthescrewID>
grin and bear it,<BERTRAM:IDgrinandbearitID>
keep mum,<BERTRAM:IDkeepmumID>
take no prisoners,<BERTRAM:IDtakenoprisonersID>
in Dutch,<BERTRAM:IDindutchID>
pull someone's leg,<BERTRAM:IDpullsomeoneslegID>
on the run,<BERTRAM:IDontherunID>
on the stump,<BERTRAM:IDonthestumpID>
cut a dash,<BERTRAM:IDcutadashID>
spit it out,<BERTRAM:IDspititoutID>
plain sailing,<BERTRAM:IDplainsailingID>
easy on the eye,<BERTRAM:IDeasyontheeyeID>
slip through the net,<BERTRAM:IDslipthroughthenetID>
let your hair down,<BERTRAM:IDletyourhairdownID>
neck of the woods,<BERTRAM:IDneckofthewoodsID>
fit the bill,<BERTRAM:IDfitthebillID>
put a sock in it,<BERTRAM:IDputasockinitID>
bright and early,<BERTRAM:IDbrightandearlyID>
come to grief,<BERTRAM:IDcometogriefID>
have a few,<BERTRAM:IDhaveafewID>
when push comes to shove,<BERTRAM:IDwhenpushcomestoshoveID>
kiss ass,<BERTRAM:IDkissassID>
save someone's skin,<BERTRAM:IDsavesomeonesskinID>
in your blood,<BERTRAM:IDinyourbloodID>
cold feet,<BERTRAM:IDcoldfeetID>
get it up,<BERTRAM:IDgetitupID>
big hitter,<BERTRAM:IDbighitterID>
hot under the collar,<BERTRAM:IDhotunderthecollarID>
send someone packing,<BERTRAM:IDsendsomeonepackingID>
spare someone's blushes,<BERTRAM:IDsparesomeonesblushesID>
in business,<BERTRAM:IDinbusinessID>
see the light,<BERTRAM:IDseethelightID>
hit and miss,<BERTRAM:IDhitandmissID>
in the altogether,<BERTRAM:IDinthealtogetherID>
play into someone's hands,<BERTRAM:IDplayintosomeoneshandsID>
say cheese,<BERTRAM:IDsaycheeseID>
pick someone's brain,<BERTRAM:IDpicksomeonesbrainID>
pass the buck,<BERTRAM:IDpassthebuckID>
for my money,<BERTRAM:IDformymoneyID>
in the soup,<BERTRAM:IDinthesoupID>
take someone to task,<BERTRAM:IDtakesomeonetotaskID>
at your fingertips,<BERTRAM:IDatyourfingertipsID>
famous last words,<BERTRAM:IDfamouslastwordsID>
lend a hand,<BERTRAM:IDlendahandID>
argue the toss,<BERTRAM:IDarguethetossID>
come out in the wash,<BERTRAM:IDcomeoutinthewashID>
on the hoof,<BERTRAM:IDonthehoofID>
man of straw,<BERTRAM:IDmanofstrawID>
sit tight,<BERTRAM:IDsittightID>
the more the merrier,<BERTRAM:IDthemorethemerrierID>
on the hop,<BERTRAM:IDonthehopID>
babe in arms,<BERTRAM:IDbabeinarmsID>
catch the sun,<BERTRAM:IDcatchthesunID>
bums on seats,<BERTRAM:IDbumsonseatsID>
call a spade a spade,<BERTRAM:IDcallaspadeaspadeID>
miss the boat,<BERTRAM:IDmisstheboatID>
Bob's your uncle,<BERTRAM:IDbobsyouruncleID>
time will tell,<BERTRAM:IDtimewilltellID>
up to scratch,<BERTRAM:IDuptoscratchID>
carry the can,<BERTRAM:IDcarrythecanID>
light at the end of the tunnel,<BERTRAM:IDlightattheendofthetunnelID>
weak at the knees,<BERTRAM:IDweakatthekneesID>
within living memory,<BERTRAM:IDwithinlivingmemoryID>
easier said than done,<BERTRAM:IDeasiersaidthandoneID>
stick out like a sore thumb,<BERTRAM:IDstickoutlikeasorethumbID>
between the devil and the deep blue sea,<BERTRAM:IDbetweenthedevilandthedeepblueseaID>
power behind the throne,<BERTRAM:IDpowerbehindthethroneID>
on the same page,<BERTRAM:IDonthesamepageID>
in one ear and out the other,<BERTRAM:IDinoneearandouttheotherID>
strike a chord,<BERTRAM:IDstrikeachordID>
keep your fingers crossed,<BERTRAM:IDkeepyourfingerscrossedID>
as good as new,<BERTRAM:IDasgoodasnewID>
give and take,<BERTRAM:IDgiveandtakeID>
keep tabs on,<BERTRAM:IDkeeptabsonID>
bang for the buck,<BERTRAM:IDbangforthebuckID>
knock someone's socks off,<BERTRAM:IDknocksomeonessocksoffID>
let's be having you,<BERTRAM:IDletsbehavingyouID>
get under someone's skin,<BERTRAM:IDgetundersomeonesskinID>
at a loss for words,<BERTRAM:IDatalossforwordsID>
get on someone's nerves,<BERTRAM:IDgetonsomeonesnervesID>
you can't have your cake and eat it,<BERTRAM:IDyoucanthaveyourcakeandeatitID>
have someone's number,<BERTRAM:IDhavesomeonesnumberID>
the icing on the cake,<BERTRAM:IDtheicingonthecakeID>
kiss and tell,<BERTRAM:IDkissandtellID>
every which way,<BERTRAM:IDeverywhichwayID>
fly off the handle,<BERTRAM:IDflyoffthehandleID>
on a shoestring,<BERTRAM:IDonashoestringID>
run out of steam,<BERTRAM:IDrunoutofsteamID>
larger than life,<BERTRAM:IDlargerthanlifeID>
blow someone's mind,<BERTRAM:IDblowsomeonesmindID>
have it both ways,<BERTRAM:IDhaveitbothwaysID>
no two ways about it,<BERTRAM:IDnotwowaysaboutitID>
close shave,<BERTRAM:IDcloseshaveID>
within an ace of,<BERTRAM:IDwithinanaceofID>
jockey for position,<BERTRAM:IDjockeyforpositionID>
strain every nerve,<BERTRAM:IDstraineverynerveID>
steal someone's thunder,<BERTRAM:IDstealsomeonesthunderID>
have a cow,<BERTRAM:IDhaveacowID>
out of the picture,<BERTRAM:IDoutofthepictureID>
give someone pause,<BERTRAM:IDgivesomeonepauseID>
yesterday's news,<BERTRAM:IDyesterdaysnewsID>
on thin ice,<BERTRAM:IDonthiniceID>
play hookey,<BERTRAM:IDplayhookeyID>
place in the sun,<BERTRAM:IDplaceinthesunID>
ten a penny,<BERTRAM:IDtenapennyID>
Indian summer,<BERTRAM:IDindiansummerID>
speak volumes,<BERTRAM:IDspeakvolumesID>
turn the tables,<BERTRAM:IDturnthetablesID>
take the cake,<BERTRAM:IDtakethecakeID>
tread the boards,<BERTRAM:IDtreadtheboardsID>
in the doghouse,<BERTRAM:IDinthedoghouseID>
poacher turned gamekeeper,<BERTRAM:IDpoacherturnedgamekeeperID>
hot and heavy,<BERTRAM:IDhotandheavyID>
through thick and thin,<BERTRAM:IDthroughthickandthinID>
take it or leave it,<BERTRAM:IDtakeitorleaveitID>
till the cows come home,<BERTRAM:IDtillthecowscomehomeID>
drive someone up the wall,<BERTRAM:IDdrivesomeoneupthewallID>
have an eye for,<BERTRAM:IDhaveaneyeforID>
with bated breath,<BERTRAM:IDwithbatedbreathID>
and then some,<BERTRAM:IDandthensomeID>
night and day,<BERTRAM:IDnightanddayID>
marriage of convenience,<BERTRAM:IDmarriageofconvenienceID>
swings and roundabouts,<BERTRAM:IDswingsandroundaboutsID>
over-egg the pudding,<BERTRAM:IDovereggthepuddingID>
go west,<BERTRAM:IDgowestID>
lend an ear,<BERTRAM:IDlendanearID>
in cold blood,<BERTRAM:IDincoldbloodID>
do someone's head in,<BERTRAM:IDdosomeonesheadinID>
give up the ghost,<BERTRAM:IDgiveuptheghostID>
heart and soul,<BERTRAM:IDheartandsoulID>
easy does it,<BERTRAM:IDeasydoesitID>
on cloud nine,<BERTRAM:IDoncloudnineID>
party animal,<BERTRAM:IDpartyanimalID>
run out of gas,<BERTRAM:IDrunoutofgasID>
out on a limb,<BERTRAM:IDoutonalimbID>
take the biscuit,<BERTRAM:IDtakethebiscuitID>
chicken feed,<BERTRAM:IDchickenfeedID>
put someone on a pedestal,<BERTRAM:IDputsomeoneonapedestalID>
what's the damage?,<BERTRAM:IDwhatsthedamageID>
get in on the ground floor,<BERTRAM:IDgetinonthegroundfloorID>
pump iron,<BERTRAM:IDpumpironID>
in the sticks,<BERTRAM:IDinthesticksID>
take a bow,<BERTRAM:IDtakeabowID>
my bad,<BERTRAM:IDmybadID>
face the music,<BERTRAM:IDfacethemusicID>
walk all over,<BERTRAM:IDwalkalloverID>
take to the hills,<BERTRAM:IDtaketothehillsID>
dice with death,<BERTRAM:IDdicewithdeathID>
lose face,<BERTRAM:IDlosefaceID>
the plot thickens,<BERTRAM:IDtheplotthickensID>
weather the storm,<BERTRAM:IDweatherthestormID>
on the nod,<BERTRAM:IDonthenodID>
break cover,<BERTRAM:IDbreakcoverID>
hand to mouth,<BERTRAM:IDhandtomouthID>
in the pink,<BERTRAM:IDinthepinkID>
short and sweet,<BERTRAM:IDshortandsweetID>
know the score,<BERTRAM:IDknowthescoreID>
turn tail,<BERTRAM:IDturntailID>
go native,<BERTRAM:IDgonativeID>
kill two birds with one stone,<BERTRAM:IDkilltwobirdswithonestoneID>
grist to the mill,<BERTRAM:IDgristtothemillID>
put your oar in,<BERTRAM:IDputyouroarinID>
dead in the water,<BERTRAM:IDdeadinthewaterID>
marching orders,<BERTRAM:IDmarchingordersID>
sleep like a log,<BERTRAM:IDsleeplikealogID>
slip of the tongue,<BERTRAM:IDslipofthetongueID>
jobs for the boys,<BERTRAM:IDjobsfortheboysID>
out of the loop,<BERTRAM:IDoutoftheloopID>
under lock and key,<BERTRAM:IDunderlockandkeyID>
town and gown,<BERTRAM:IDtownandgownID>
keep the wolf from the door,<BERTRAM:IDkeepthewolffromthedoorID>
hit the nail on the head,<BERTRAM:IDhitthenailontheheadID>
blood is thicker than water,<BERTRAM:IDbloodisthickerthanwaterID>
not a pretty sight,<BERTRAM:IDnotaprettysightID>
tie the knot,<BERTRAM:IDtietheknotID>
paper over the cracks,<BERTRAM:IDpaperoverthecracksID>
swear like a trooper,<BERTRAM:IDswearlikeatrooperID>
bounce off the walls,<BERTRAM:IDbounceoffthewallsID>
in the lap of luxury,<BERTRAM:IDinthelapofluxuryID>
up a tree,<BERTRAM:IDupatreeID>
think the world of,<BERTRAM:IDthinktheworldofID>
broad in the beam,<BERTRAM:IDbroadinthebeamID>
play gooseberry,<BERTRAM:IDplaygooseberryID>
give someone the slip,<BERTRAM:IDgivesomeonetheslipID>
lone wolf,<BERTRAM:IDlonewolfID>
leave well alone,<BERTRAM:IDleavewellaloneID>
eat humble pie,<BERTRAM:IDeathumblepieID>
to die for,<BERTRAM:IDtodieforID>
sweat blood,<BERTRAM:IDsweatbloodID>
on the dot,<BERTRAM:IDonthedotID>
come rain or shine,<BERTRAM:IDcomerainorshineID>
by no stretch of the imagination,<BERTRAM:IDbynostretchoftheimaginationID>
on and off,<BERTRAM:IDonandoffID>
take something as read,<BERTRAM:IDtakesomethingasreadID>
different strokes for different folks,<BERTRAM:IDdifferentstrokesfordifferentfolksID>
like the clappers,<BERTRAM:IDliketheclappersID>
ride for a fall,<BERTRAM:IDrideforafallID>
for Africa,<BERTRAM:IDforafricaID>
wheels within wheels,<BERTRAM:IDwheelswithinwheelsID>
hold your tongue,<BERTRAM:IDholdyourtongueID>
daylight robbery,<BERTRAM:IDdaylightrobberyID>
stand up and be counted,<BERTRAM:IDstandupandbecountedID>
brass neck,<BERTRAM:IDbrassneckID>
without fail,<BERTRAM:IDwithoutfailID>
look on the bright side,<BERTRAM:IDlookonthebrightsideID>
cut it fine,<BERTRAM:IDcutitfineID>
run the gauntlet,<BERTRAM:IDrunthegauntletID>
reach for the stars,<BERTRAM:IDreachforthestarsID>
fall on stony ground,<BERTRAM:IDfallonstonygroundID>
raise hell,<BERTRAM:IDraisehellID>
when the chips are down,<BERTRAM:IDwhenthechipsaredownID>
come hell or high water,<BERTRAM:IDcomehellorhighwaterID>
on top of the world,<BERTRAM:IDontopoftheworldID>
take the floor,<BERTRAM:IDtakethefloorID>
play it safe,<BERTRAM:IDplayitsafeID>
call it quits,<BERTRAM:IDcallitquitsID>
cap in hand,<BERTRAM:IDcapinhandID>
armed to the teeth,<BERTRAM:IDarmedtotheteethID>
bite off more than you can chew,<BERTRAM:IDbiteoffmorethanyoucanchewID>
packed like sardines,<BERTRAM:IDpackedlikesardinesID>
throw in the towel,<BERTRAM:IDthrowinthetowelID>
do me a favour,<BERTRAM:IDdomeafavourID>
up against it,<BERTRAM:IDupagainstitID>
cheek by jowl,<BERTRAM:IDcheekbyjowlID>
apples and oranges,<BERTRAM:IDapplesandorangesID>
name names,<BERTRAM:IDnamenamesID>
lock horns,<BERTRAM:IDlockhornsID>
dead and buried,<BERTRAM:IDdeadandburiedID>
pack a punch,<BERTRAM:IDpackapunchID>
have no truck with,<BERTRAM:IDhavenotruckwithID>
pigs can fly,<BERTRAM:IDpigscanflyID>
bow and scrape,<BERTRAM:IDbowandscrapeID>
throw down the gauntlet,<BERTRAM:IDthrowdownthegauntletID>
keep your chin up,<BERTRAM:IDkeepyourchinupID>
run something up the flagpole,<BERTRAM:IDrunsomethinguptheflagpoleID>
no great shakes,<BERTRAM:IDnogreatshakesID>
see the light of day,<BERTRAM:IDseethelightofdayID>
burst someone's bubble,<BERTRAM:IDburstsomeonesbubbleID>
good riddance,<BERTRAM:IDgoodriddanceID>
rake over old coals,<BERTRAM:IDrakeoveroldcoalsID>
make a mountain out of a molehill,<BERTRAM:IDmakeamountainoutofamolehillID>
warts and all,<BERTRAM:IDwartsandallID>
bits and bobs,<BERTRAM:IDbitsandbobsID>
couch potato,<BERTRAM:IDcouchpotatoID>
easy as falling off a log,<BERTRAM:IDeasyasfallingoffalogID>
on the same wavelength,<BERTRAM:IDonthesamewavelengthID>
the rest is history,<BERTRAM:IDtherestishistoryID>
go off the boil,<BERTRAM:IDgoofftheboilID>
lick someone's boots,<BERTRAM:IDlicksomeonesbootsID>
leave no stone unturned,<BERTRAM:IDleavenostoneunturnedID>
at sixes and sevens,<BERTRAM:IDatsixesandsevensID>
count your blessings,<BERTRAM:IDcountyourblessingsID>
put a damper on,<BERTRAM:IDputadamperonID>
eternal triangle,<BERTRAM:IDeternaltriangleID>
bar none,<BERTRAM:IDbarnoneID>
shut the door on,<BERTRAM:IDshutthedooronID>
grease someone's palm,<BERTRAM:IDgreasesomeonespalmID>
in cahoots,<BERTRAM:IDincahootsID>
kiss of death,<BERTRAM:IDkissofdeathID>
lift a finger,<BERTRAM:IDliftafingerID>
on the rebound,<BERTRAM:IDonthereboundID>
sad sack,<BERTRAM:IDsadsackID>
throw cold water on,<BERTRAM:IDthrowcoldwateronID>
on the wagon,<BERTRAM:IDonthewagonID>
fly a kite,<BERTRAM:IDflyakiteID>
above board,<BERTRAM:IDaboveboardID>
up the spout,<BERTRAM:IDupthespoutID>
down in the dumps,<BERTRAM:IDdowninthedumpsID>
all over the shop,<BERTRAM:IDallovertheshopID>
box clever,<BERTRAM:IDboxcleverID>
on the make,<BERTRAM:IDonthemakeID>
there's no such thing as a free lunch,<BERTRAM:IDtheresnosuchthingasafreelunchID>
out of thin air,<BERTRAM:IDoutofthinairID>
go to ground,<BERTRAM:IDgotogroundID>
make a clean break,<BERTRAM:IDmakeacleanbreakID>
sour grapes,<BERTRAM:IDsourgrapesID>
pound the pavement,<BERTRAM:IDpoundthepavementID>
buy the farm,<BERTRAM:IDbuythefarmID>
when all is said and done,<BERTRAM:IDwhenallissaidanddoneID>
crocodile tears,<BERTRAM:IDcrocodiletearsID>
hit the mark,<BERTRAM:IDhitthemarkID>
with open arms,<BERTRAM:IDwithopenarmsID>
on tenterhooks,<BERTRAM:IDontenterhooksID>
move mountains,<BERTRAM:IDmovemountainsID>
keen as mustard,<BERTRAM:IDkeenasmustardID>
dead wood,<BERTRAM:IDdeadwoodID>
food for thought,<BERTRAM:IDfoodforthoughtID>
back to the drawing board,<BERTRAM:IDbacktothedrawingboardID>
ruffle someone's feathers,<BERTRAM:IDrufflesomeonesfeathersID>
play fast and loose,<BERTRAM:IDplayfastandlooseID>
take the fall,<BERTRAM:IDtakethefallID>
throw a curve,<BERTRAM:IDthrowacurveID>
like clockwork,<BERTRAM:IDlikeclockworkID>
cock of the walk,<BERTRAM:IDcockofthewalkID>
draw the short straw,<BERTRAM:IDdrawtheshortstrawID>
in the swim,<BERTRAM:IDintheswimID>
make short work of,<BERTRAM:IDmakeshortworkofID>
up to the hilt,<BERTRAM:IDuptothehiltID>
no can do,<BERTRAM:IDnocandoID>
find your feet,<BERTRAM:IDfindyourfeetID>
straight from the shoulder,<BERTRAM:IDstraightfromtheshoulderID>
make a pig's ear of,<BERTRAM:IDmakeapigsearofID>
share and share alike,<BERTRAM:IDshareandsharealikeID>
squeaky clean,<BERTRAM:IDsqueakycleanID>
give someone what for,<BERTRAM:IDgivesomeonewhatforID>
on the back burner,<BERTRAM:IDonthebackburnerID>
at death's door,<BERTRAM:IDatdeathsdoorID>
jump ship,<BERTRAM:IDjumpshipID>
pull a rabbit out of a hat,<BERTRAM:IDpullarabbitoutofahatID>
mind over matter,<BERTRAM:IDmindovermatterID>
smart alec,<BERTRAM:IDsmartalecID>
in a rut,<BERTRAM:IDinarutID>
shrinking violet,<BERTRAM:IDshrinkingvioletID>
perish the thought,<BERTRAM:IDperishthethoughtID>
hell for leather,<BERTRAM:IDhellforleatherID>
go under the hammer,<BERTRAM:IDgounderthehammerID>
save someone's bacon,<BERTRAM:IDsavesomeonesbaconID>
wipe the slate clean,<BERTRAM:IDwipetheslatecleanID>
first up,<BERTRAM:IDfirstupID>
two a penny,<BERTRAM:IDtwoapennyID>
laugh all the way to the bank,<BERTRAM:IDlaughallthewaytothebankID>
and all that jazz,<BERTRAM:IDandallthatjazzID>
all things being equal,<BERTRAM:IDallthingsbeingequalID>
chop and change,<BERTRAM:IDchopandchangeID>
go ballistic,<BERTRAM:IDgoballisticID>
have a foot in both camps,<BERTRAM:IDhaveafootinbothcampsID>
true blue,<BERTRAM:IDtrueblueID>
go with the flow,<BERTRAM:IDgowiththeflowID>
good offices,<BERTRAM:IDgoodofficesID>
nudge nudge wink wink,<BERTRAM:IDnudgenudgewinkwinkID>
swim against the tide,<BERTRAM:IDswimagainstthetideID>
go for broke,<BERTRAM:IDgoforbrokeID>
set your sights on,<BERTRAM:IDsetyoursightsonID>
cut and run,<BERTRAM:IDcutandrunID>
do the honours,<BERTRAM:IDdothehonoursID>
let sleeping dogs lie,<BERTRAM:IDletsleepingdogslieID>
dressed to the nines,<BERTRAM:IDdressedtotheninesID>
fall off the back of a lorry,<BERTRAM:IDfalloffthebackofalorryID>
flat as a pancake,<BERTRAM:IDflatasapancakeID>
live it up,<BERTRAM:IDliveitupID>
give it a whirl,<BERTRAM:IDgiveitawhirlID>
belt and braces,<BERTRAM:IDbeltandbracesID>
white hat,<BERTRAM:IDwhitehatID>
sail under false colours,<BERTRAM:IDsailunderfalsecoloursID>
eat someone alive,<BERTRAM:IDeatsomeonealiveID>
laugh like a drain,<BERTRAM:IDlaughlikeadrainID>
wouldn't hurt a fly,<BERTRAM:IDwouldnthurtaflyID>
see eye to eye,<BERTRAM:IDseeeyetoeyeID>
bugger all,<BERTRAM:IDbuggerallID>
in the wink of an eye,<BERTRAM:IDinthewinkofaneyeID>
at loggerheads,<BERTRAM:IDatloggerheadsID>
spit blood,<BERTRAM:IDspitbloodID>
slap on the wrist,<BERTRAM:IDslaponthewristID>
curiosity killed the cat,<BERTRAM:IDcuriositykilledthecatID>
up sticks,<BERTRAM:IDupsticksID>
do a bunk,<BERTRAM:IDdoabunkID>
fight fire with fire,<BERTRAM:IDfightfirewithfireID>
hold the ring,<BERTRAM:IDholdtheringID>
no smoke without fire,<BERTRAM:IDnosmokewithoutfireID>
fill the bill,<BERTRAM:IDfillthebillID>
chickens come home to roost,<BERTRAM:IDchickenscomehometoroostID>
make a meal of,<BERTRAM:IDmakeamealofID>
pull the plug,<BERTRAM:IDpulltheplugID>
put words in someone's mouth,<BERTRAM:IDputwordsinsomeonesmouthID>
put your best foot forward,<BERTRAM:IDputyourbestfootforwardID>
run the gamut,<BERTRAM:IDrunthegamutID>
coals to Newcastle,<BERTRAM:IDcoalstonewcastleID>
wither on the vine,<BERTRAM:IDwitheronthevineID>
pull the wool over someone's eyes,<BERTRAM:IDpullthewooloversomeoneseyesID>
better late than never,<BERTRAM:IDbetterlatethanneverID>
beyond the pale,<BERTRAM:IDbeyondthepaleID>
rule the roost,<BERTRAM:IDruletheroostID>
live in sin,<BERTRAM:IDliveinsinID>
under your breath,<BERTRAM:IDunderyourbreathID>
lay a finger on,<BERTRAM:IDlayafingeronID>
sick to death,<BERTRAM:IDsicktodeathID>
a pretty penny,<BERTRAM:IDaprettypennyID>
go round in circles,<BERTRAM:IDgoroundincirclesID>
jump the queue,<BERTRAM:IDjumpthequeueID>
right as rain,<BERTRAM:IDrightasrainID>
second childhood,<BERTRAM:IDsecondchildhoodID>
steal the show,<BERTRAM:IDstealtheshowID>
down to the wire,<BERTRAM:IDdowntothewireID>
sticky fingers,<BERTRAM:IDstickyfingersID>
beat the clock,<BERTRAM:IDbeattheclockID>
get it in the neck,<BERTRAM:IDgetitintheneckID>
in the nick of time,<BERTRAM:IDinthenickoftimeID>
fast and furious,<BERTRAM:IDfastandfuriousID>
put your foot down,<BERTRAM:IDputyourfootdownID>
keep your options open,<BERTRAM:IDkeepyouroptionsopenID>
live and let live,<BERTRAM:IDliveandletliveID>
cry foul,<BERTRAM:IDcryfoulID>
make a monkey of someone,<BERTRAM:IDmakeamonkeyofsomeoneID>
everything in the garden is rosy,<BERTRAM:IDeverythinginthegardenisrosyID>
get the boot,<BERTRAM:IDgetthebootID>
you pays your money and you takes your choice,<BERTRAM:IDyoupaysyourmoneyandyoutakesyourchoiceID>
hold the line,<BERTRAM:IDholdthelineID>
plain as a pikestaff,<BERTRAM:IDplainasapikestaffID>
fly the coop,<BERTRAM:IDflythecoopID>
one in the eye for,<BERTRAM:IDoneintheeyeforID>
move heaven and earth,<BERTRAM:IDmoveheavenandearthID>
land of nod,<BERTRAM:IDlandofnodID>
not all there,<BERTRAM:IDnotallthereID>
birds of a feather,<BERTRAM:IDbirdsofafeatherID>
throw a wobbly,<BERTRAM:IDthrowawobblyID>
take a leaf out of someone's book,<BERTRAM:IDtakealeafoutofsomeonesbookID>
go to your head,<BERTRAM:IDgotoyourheadID>
in the raw,<BERTRAM:IDintherawID>
dead men's shoes,<BERTRAM:IDdeadmensshoesID>
not on your life,<BERTRAM:IDnotonyourlifeID>
third time lucky,<BERTRAM:IDthirdtimeluckyID>
up to here,<BERTRAM:IDuptohereID>
pull a fast one,<BERTRAM:IDpullafastoneID>
kick up a fuss,<BERTRAM:IDkickupafussID>
make a virtue of necessity,<BERTRAM:IDmakeavirtueofnecessityID>
look before you leap,<BERTRAM:IDlookbeforeyouleapID>
by the by,<BERTRAM:IDbythebyID>
burn the midnight oil,<BERTRAM:IDburnthemidnightoilID>
hum and haw,<BERTRAM:IDhumandhawID>
no spring chicken,<BERTRAM:IDnospringchickenID>
cook the books,<BERTRAM:IDcookthebooksID>
only time will tell,<BERTRAM:IDonlytimewilltellID>
rest on your laurels,<BERTRAM:IDrestonyourlaurelsID>
in the driver's seat,<BERTRAM:IDinthedriversseatID>
play to the gallery,<BERTRAM:IDplaytothegalleryID>
beside yourself,<BERTRAM:IDbesideyourselfID>
to a T,<BERTRAM:IDtoatID>
rack your brain,<BERTRAM:IDrackyourbrainID>
holy of holies,<BERTRAM:IDholyofholiesID>
hammer and tongs,<BERTRAM:IDhammerandtongsID>
sell like hot cakes,<BERTRAM:IDselllikehotcakesID>
look the other way,<BERTRAM:IDlooktheotherwayID>
high and low,<BERTRAM:IDhighandlowID>
bright young thing,<BERTRAM:IDbrightyoungthingID>
stand the test of time,<BERTRAM:IDstandthetestoftimeID>
move the goalposts,<BERTRAM:IDmovethegoalpostsID>
under your belt,<BERTRAM:IDunderyourbeltID>
pick someone's brains,<BERTRAM:IDpicksomeonesbrainsID>
put down roots,<BERTRAM:IDputdownrootsID>
the biter bit,<BERTRAM:IDthebiterbitID>
show someone the door,<BERTRAM:IDshowsomeonethedoorID>
say uncle,<BERTRAM:IDsayuncleID>
drop someone a line,<BERTRAM:IDdropsomeonealineID>
bark up the wrong tree,<BERTRAM:IDbarkupthewrongtreeID>
jack of all trades,<BERTRAM:IDjackofalltradesID>
go to seed,<BERTRAM:IDgotoseedID>
smell of the lamp,<BERTRAM:IDsmellofthelampID>
play the field,<BERTRAM:IDplaythefieldID>
much of a muchness,<BERTRAM:IDmuchofamuchnessID>
fall in line,<BERTRAM:IDfallinlineID>
moment of truth,<BERTRAM:IDmomentoftruthID>
friends in high places,<BERTRAM:IDfriendsinhighplacesID>
six of the best,<BERTRAM:IDsixofthebestID>
in living memory,<BERTRAM:IDinlivingmemoryID>
sitting pretty,<BERTRAM:IDsittingprettyID>
smell a rat,<BERTRAM:IDsmellaratID>
come up smelling of roses,<BERTRAM:IDcomeupsmellingofrosesID>
tired and emotional,<BERTRAM:IDtiredandemotionalID>
separate the wheat from the chaff,<BERTRAM:IDseparatethewheatfromthechaffID>
hang by a thread,<BERTRAM:IDhangbyathreadID>
mutton dressed as lamb,<BERTRAM:IDmuttondressedaslambID>
get your feet wet,<BERTRAM:IDgetyourfeetwetID>
hold your own,<BERTRAM:IDholdyourownID>
in your dreams,<BERTRAM:IDinyourdreamsID>
put the cart before the horse,<BERTRAM:IDputthecartbeforethehorseID>
take the wind out of someone's sails,<BERTRAM:IDtakethewindoutofsomeonessailsID>
I'll eat my hat,<BERTRAM:IDilleatmyhatID>
whoop it up,<BERTRAM:IDwhoopitupID>
upset the apple cart,<BERTRAM:IDupsettheapplecartID>
confirmed bachelor,<BERTRAM:IDconfirmedbachelorID>
the whole shooting match,<BERTRAM:IDthewholeshootingmatchID>
put someone in mind of,<BERTRAM:IDputsomeoneinmindofID>
poor as a church mouse,<BERTRAM:IDpoorasachurchmouseID>
take the rough with the smooth,<BERTRAM:IDtaketheroughwiththesmoothID>
on the horns of a dilemma,<BERTRAM:IDonthehornsofadilemmaID>
you scratch my back and I'll scratch yours,<BERTRAM:IDyouscratchmybackandillscratchyoursID>
ride shotgun,<BERTRAM:IDrideshotgunID>
tough as old boots,<BERTRAM:IDtoughasoldbootsID>
between a rock and a hard place,<BERTRAM:IDbetweenarockandahardplaceID>
cross the Rubicon,<BERTRAM:IDcrosstherubiconID>
for donkey's years,<BERTRAM:IDfordonkeysyearsID>
heart to heart,<BERTRAM:IDhearttoheartID>
in your face,<BERTRAM:IDinyourfaceID>
Jekyll and Hyde,<BERTRAM:IDjekyllandhydeID>
every trick in the book,<BERTRAM:IDeverytrickinthebookID>
kiss and make up,<BERTRAM:IDkissandmakeupID>
go places,<BERTRAM:IDgoplacesID>
go to the dogs,<BERTRAM:IDgotothedogsID>
tan someone's hide,<BERTRAM:IDtansomeoneshideID>
collect dust,<BERTRAM:IDcollectdustID>
tempt providence,<BERTRAM:IDtemptprovidenceID>
on your high horse,<BERTRAM:IDonyourhighhorseID>
turn up trumps,<BERTRAM:IDturnuptrumpsID>
go begging,<BERTRAM:IDgobeggingID>
mum's the word,<BERTRAM:IDmumsthewordID>
pop the question,<BERTRAM:IDpopthequestionID>
ride the rails,<BERTRAM:IDridetherailsID>
below the belt,<BERTRAM:IDbelowthebeltID>
greasy spoon,<BERTRAM:IDgreasyspoonID>
muddy the waters,<BERTRAM:IDmuddythewatersID>
tilt at windmills,<BERTRAM:IDtiltatwindmillsID>
fly in the face of,<BERTRAM:IDflyinthefaceofID>
stand on ceremony,<BERTRAM:IDstandonceremonyID>
sitting duck,<BERTRAM:IDsittingduckID>
dead as a doornail,<BERTRAM:IDdeadasadoornailID>
one good turn deserves another,<BERTRAM:IDonegoodturndeservesanotherID>
rise through the ranks,<BERTRAM:IDrisethroughtheranksID>
up shit creek,<BERTRAM:IDupshitcreekID>
sling your hook,<BERTRAM:IDslingyourhookID>
joined at the hip,<BERTRAM:IDjoinedatthehipID>
alive and kicking,<BERTRAM:IDaliveandkickingID>
hit a nerve,<BERTRAM:IDhitanerveID>
to the nth degree,<BERTRAM:IDtothenthdegreeID>
from pillar to post,<BERTRAM:IDfrompillartopostID>
go for the jugular,<BERTRAM:IDgoforthejugularID>
lose your shirt,<BERTRAM:IDloseyourshirtID>
crash and burn,<BERTRAM:IDcrashandburnID>
hack it,<BERTRAM:IDhackitID>
have your work cut out,<BERTRAM:IDhaveyourworkcutoutID>
hot and bothered,<BERTRAM:IDhotandbotheredID>
every nook and cranny,<BERTRAM:IDeverynookandcrannyID>
everything but the kitchen sink,<BERTRAM:IDeverythingbutthekitchensinkID>
lose the plot,<BERTRAM:IDlosetheplotID>
too clever by half,<BERTRAM:IDtoocleverbyhalfID>
better the devil you know,<BERTRAM:IDbetterthedevilyouknowID>
nothing doing,<BERTRAM:IDnothingdoingID>
get on someone's wick,<BERTRAM:IDgetonsomeoneswickID>
make light work of,<BERTRAM:IDmakelightworkofID>
there's the rub,<BERTRAM:IDtherestherubID>
long in the tooth,<BERTRAM:IDlonginthetoothID>
turn over a new leaf,<BERTRAM:IDturnoveranewleafID>
chew the cud,<BERTRAM:IDchewthecudID>
build castles in the air,<BERTRAM:IDbuildcastlesintheairID>
public enemy number one,<BERTRAM:IDpublicenemynumberoneID>
put your foot in it,<BERTRAM:IDputyourfootinitID>
feeding frenzy,<BERTRAM:IDfeedingfrenzyID>
up to speed,<BERTRAM:IDuptospeedID>
"out of sight, out of mind",<BERTRAM:IDoutofsightoutofmindID>
turn the other cheek,<BERTRAM:IDturntheothercheekID>
blow a gasket,<BERTRAM:IDblowagasketID>
read my lips,<BERTRAM:IDreadmylipsID>
beggars can't be choosers,<BERTRAM:IDbeggarscantbechoosersID>
more's the pity,<BERTRAM:IDmoresthepityID>
sick as a dog,<BERTRAM:IDsickasadogID>
play it cool,<BERTRAM:IDplayitcoolID>
touch a nerve,<BERTRAM:IDtouchanerveID>
vent your spleen,<BERTRAM:IDventyourspleenID>
get someone's back up,<BERTRAM:IDgetsomeonesbackupID>
keep a straight face,<BERTRAM:IDkeepastraightfaceID>
in apple-pie order,<BERTRAM:IDinapplepieorderID>
sail close to the wind,<BERTRAM:IDsailclosetothewindID>
kick over the traces,<BERTRAM:IDkickoverthetracesID>
like a bat out of hell,<BERTRAM:IDlikeabatoutofhellID>
bread and circuses,<BERTRAM:IDbreadandcircusesID>
fit to be tied,<BERTRAM:IDfittobetiedID>
mark time,<BERTRAM:IDmarktimeID>
talk the talk,<BERTRAM:IDtalkthetalkID>
one-horse race,<BERTRAM:IDonehorseraceID>
bag and baggage,<BERTRAM:IDbagandbaggageID>
smell blood,<BERTRAM:IDsmellbloodID>
hate someone's guts,<BERTRAM:IDhatesomeonesgutsID>
kith and kin,<BERTRAM:IDkithandkinID>
gone with the wind,<BERTRAM:IDgonewiththewindID>
neither fish nor fowl,<BERTRAM:IDneitherfishnorfowlID>
do a runner,<BERTRAM:IDdoarunnerID>
make it snappy,<BERTRAM:IDmakeitsnappyID>
in the blink of an eye,<BERTRAM:IDintheblinkofaneyeID>
on the fiddle,<BERTRAM:IDonthefiddleID>
tread water,<BERTRAM:IDtreadwaterID>
hit the sack,<BERTRAM:IDhitthesackID>
by a long chalk,<BERTRAM:IDbyalongchalkID>
show the flag,<BERTRAM:IDshowtheflagID>
all bets are off,<BERTRAM:IDallbetsareoffID>
no time like the present,<BERTRAM:IDnotimelikethepresentID>
king of beasts,<BERTRAM:IDkingofbeastsID>
touch base,<BERTRAM:IDtouchbaseID>
throw someone to the wolves,<BERTRAM:IDthrowsomeonetothewolvesID>
clean as a whistle,<BERTRAM:IDcleanasawhistleID>
Hobson's choice,<BERTRAM:IDhobsonschoiceID>
drop a brick,<BERTRAM:IDdropabrickID>
two-way street,<BERTRAM:IDtwowaystreetID>
bite your lip,<BERTRAM:IDbiteyourlipID>
flutter the dovecotes,<BERTRAM:IDflutterthedovecotesID>
know the ropes,<BERTRAM:IDknowtheropesID>
up hill and down dale,<BERTRAM:IDuphillanddowndaleID>
pour oil on troubled waters,<BERTRAM:IDpouroilontroubledwatersID>
see a man about a dog,<BERTRAM:IDseeamanaboutadogID>
in the fast lane,<BERTRAM:IDinthefastlaneID>
start off on the wrong foot,<BERTRAM:IDstartoffonthewrongfootID>
throw the book at,<BERTRAM:IDthrowthebookatID>
keep body and soul together,<BERTRAM:IDkeepbodyandsoultogetherID>
an old flame,<BERTRAM:IDanoldflameID>
same difference,<BERTRAM:IDsamedifferenceID>
scarlet woman,<BERTRAM:IDscarletwomanID>
bury the hatchet,<BERTRAM:IDburythehatchetID>
don't hold your breath,<BERTRAM:IDdontholdyourbreathID>
cramp someone's style,<BERTRAM:IDcrampsomeonesstyleID>
it takes two to tango,<BERTRAM:IDittakestwototangoID>
the world and his wife,<BERTRAM:IDtheworldandhiswifeID>
the bee's knees,<BERTRAM:IDthebeeskneesID>
from A to Z,<BERTRAM:IDfromatozID>
grease the wheels,<BERTRAM:IDgreasethewheelsID>
add fuel to the fire,<BERTRAM:IDaddfueltothefireID>
on the up and up,<BERTRAM:IDontheupandupID>
snug as a bug in a rug,<BERTRAM:IDsnugasabuginarugID>
get the show on the road,<BERTRAM:IDgettheshowontheroadID>
green with envy,<BERTRAM:IDgreenwithenvyID>
sick as a parrot,<BERTRAM:IDsickasaparrotID>
cakes and ale,<BERTRAM:IDcakesandaleID>
run someone ragged,<BERTRAM:IDrunsomeoneraggedID>
up the ante,<BERTRAM:IDuptheanteID>
a penny for your thoughts,<BERTRAM:IDapennyforyourthoughtsID>
by leaps and bounds,<BERTRAM:IDbyleapsandboundsID>
bush telegraph,<BERTRAM:IDbushtelegraphID>
be left holding the baby,<BERTRAM:IDbeleftholdingthebabyID>
forty winks,<BERTRAM:IDfortywinksID>
jam tomorrow,<BERTRAM:IDjamtomorrowID>
teething troubles,<BERTRAM:IDteethingtroublesID>
shake a leg,<BERTRAM:IDshakealegID>
once in a blue moon,<BERTRAM:IDonceinabluemoonID>
out of your mind,<BERTRAM:IDoutofyourmindID>
get your teeth into,<BERTRAM:IDgetyourteethintoID>
cut and dried,<BERTRAM:IDcutanddriedID>
take the count,<BERTRAM:IDtakethecountID>
have other fish to fry,<BERTRAM:IDhaveotherfishtofryID>
throw caution to the wind,<BERTRAM:IDthrowcautiontothewindID>
come a cropper,<BERTRAM:IDcomeacropperID>
give head,<BERTRAM:IDgiveheadID>
not give a fig,<BERTRAM:IDnotgiveafigID>
nutty as a fruitcake,<BERTRAM:IDnuttyasafruitcakeID>
throw your weight around,<BERTRAM:IDthrowyourweightaroundID>
down the hatch,<BERTRAM:IDdownthehatchID>
one over the eight,<BERTRAM:IDoneovertheeightID>
up to par,<BERTRAM:IDuptoparID>
batten down the hatches,<BERTRAM:IDbattendownthehatchesID>
money for jam,<BERTRAM:IDmoneyforjamID>
flog a dead horse,<BERTRAM:IDflogadeadhorseID>
part of the furniture,<BERTRAM:IDpartofthefurnitureID>
wake up and smell the coffee,<BERTRAM:IDwakeupandsmellthecoffeeID>
press the panic button,<BERTRAM:IDpressthepanicbuttonID>
at the coalface,<BERTRAM:IDatthecoalfaceID>
live wire,<BERTRAM:IDlivewireID>
par for the course,<BERTRAM:IDparforthecourseID>
brass monkey,<BERTRAM:IDbrassmonkeyID>
slap and tickle,<BERTRAM:IDslapandtickleID>
come in from the cold,<BERTRAM:IDcomeinfromthecoldID>
clear the decks,<BERTRAM:IDclearthedecksID>
at daggers drawn,<BERTRAM:IDatdaggersdrawnID>
dead to the world,<BERTRAM:IDdeadtotheworldID>
bite someone's head off,<BERTRAM:IDbitesomeonesheadoffID>
nice as pie,<BERTRAM:IDniceaspieID>
think outside the box,<BERTRAM:IDthinkoutsidetheboxID>
strain at the leash,<BERTRAM:IDstrainattheleashID>
burn the candle at both ends,<BERTRAM:IDburnthecandleatbothendsID>
make a pitch,<BERTRAM:IDmakeapitchID>
go the whole hog,<BERTRAM:IDgothewholehogID>
nip and tuck,<BERTRAM:IDnipandtuckID>
slow but sure,<BERTRAM:IDslowbutsureID>
make tracks,<BERTRAM:IDmaketracksID>
poor little rich girl,<BERTRAM:IDpoorlittlerichgirlID>
call off the dogs,<BERTRAM:IDcalloffthedogsID>
speak your mind,<BERTRAM:IDspeakyourmindID>
to a nicety,<BERTRAM:IDtoanicetyID>
cut the Gordian knot,<BERTRAM:IDcutthegordianknotID>
blood and guts,<BERTRAM:IDbloodandgutsID>
leave someone in the lurch,<BERTRAM:IDleavesomeoneinthelurchID>
throw good money after bad,<BERTRAM:IDthrowgoodmoneyafterbadID>
man of the cloth,<BERTRAM:IDmanoftheclothID>
cry wolf,<BERTRAM:IDcrywolfID>
you can't teach an old dog new tricks,<BERTRAM:IDyoucantteachanolddognewtricksID>
on the cuff,<BERTRAM:IDonthecuffID>
pass the time of day,<BERTRAM:IDpassthetimeofdayID>
away with the fairies,<BERTRAM:IDawaywiththefairiesID>
sweat like a pig,<BERTRAM:IDsweatlikeapigID>
like peas in a pod,<BERTRAM:IDlikepeasinapodID>
give someone grief,<BERTRAM:IDgivesomeonegriefID>
pay the piper,<BERTRAM:IDpaythepiperID>
on the lam,<BERTRAM:IDonthelamID>
at a canter,<BERTRAM:IDatacanterID>
sweet nothings,<BERTRAM:IDsweetnothingsID>
rewrite history,<BERTRAM:IDrewritehistoryID>
make heavy weather of,<BERTRAM:IDmakeheavyweatherofID>
stay the course,<BERTRAM:IDstaythecourseID>
by a long shot,<BERTRAM:IDbyalongshotID>
blow someone's cover,<BERTRAM:IDblowsomeonescoverID>
drunk as a lord,<BERTRAM:IDdrunkasalordID>
prick up your ears,<BERTRAM:IDprickupyourearsID>
keep up with the Joneses,<BERTRAM:IDkeepupwiththejonesesID>
give someone a bloody nose,<BERTRAM:IDgivesomeoneabloodynoseID>
bang to rights,<BERTRAM:IDbangtorightsID>
dog tired,<BERTRAM:IDdogtiredID>
take up the gauntlet,<BERTRAM:IDtakeupthegauntletID>
never you mind,<BERTRAM:IDneveryoumindID>
cast pearls before swine,<BERTRAM:IDcastpearlsbeforeswineID>
kick the bucket,<BERTRAM:IDkickthebucketID>
full whack,<BERTRAM:IDfullwhackID>
close ranks,<BERTRAM:IDcloseranksID>
like a bear with a sore head,<BERTRAM:IDlikeabearwithasoreheadID>
rise and shine,<BERTRAM:IDriseandshineID>
rub someone the wrong way,<BERTRAM:IDrubsomeonethewrongwayID>
kick up your heels,<BERTRAM:IDkickupyourheelsID>
vale of tears,<BERTRAM:IDvaleoftearsID>
have a mountain to climb,<BERTRAM:IDhaveamountaintoclimbID>
put the kibosh on,<BERTRAM:IDputthekiboshonID>
hit the ceiling,<BERTRAM:IDhittheceilingID>
what goes around comes around,<BERTRAM:IDwhatgoesaroundcomesaroundID>
pushing up the daisies,<BERTRAM:IDpushingupthedaisiesID>
peed off,<BERTRAM:IDpeedoffID>
money talks,<BERTRAM:IDmoneytalksID>
to beat the band,<BERTRAM:IDtobeatthebandID>
before you can say Jack Robinson,<BERTRAM:IDbeforeyoucansayjackrobinsonID>
clear as mud,<BERTRAM:IDclearasmudID>
by the seat of your pants,<BERTRAM:IDbytheseatofyourpantsID>
on the bounce,<BERTRAM:IDonthebounceID>
gild the lily,<BERTRAM:IDgildthelilyID>
cry uncle,<BERTRAM:IDcryuncleID>
high and mighty,<BERTRAM:IDhighandmightyID>
pick holes,<BERTRAM:IDpickholesID>
beer and skittles,<BERTRAM:IDbeerandskittlesID>
rattle someone's cage,<BERTRAM:IDrattlesomeonescageID>
talk nineteen to the dozen,<BERTRAM:IDtalknineteentothedozenID>
press the flesh,<BERTRAM:IDpressthefleshID>
stick in your craw,<BERTRAM:IDstickinyourcrawID>
fit like a glove,<BERTRAM:IDfitlikeagloveID>
bell the cat,<BERTRAM:IDbellthecatID>
eat someone out of house and home,<BERTRAM:IDeatsomeoneoutofhouseandhomeID>
discretion is the better part of valour,<BERTRAM:IDdiscretionisthebetterpartofvalourID>
cock a snook,<BERTRAM:IDcockasnookID>
never the twain shall meet,<BERTRAM:IDneverthetwainshallmeetID>
all over bar the shouting,<BERTRAM:IDalloverbartheshoutingID>
"once bitten, twice shy",<BERTRAM:IDoncebittentwiceshyID>
cut your coat according to your cloth,<BERTRAM:IDcutyourcoataccordingtoyourclothID>
heavy hitter,<BERTRAM:IDheavyhitterID>
the buck stops here,<BERTRAM:IDthebuckstopshereID>
keep your head,<BERTRAM:IDkeepyourheadID>
reds under the bed,<BERTRAM:IDredsunderthebedID>
two heads are better than one,<BERTRAM:IDtwoheadsarebetterthanoneID>
off the top of your head,<BERTRAM:IDoffthetopofyourheadID>
get on like a house on fire,<BERTRAM:IDgetonlikeahouseonfireID>
put the cat among the pigeons,<BERTRAM:IDputthecatamongthepigeonsID>
keep your powder dry,<BERTRAM:IDkeepyourpowderdryID>
bring home the bacon,<BERTRAM:IDbringhomethebaconID>
send someone to Coventry,<BERTRAM:IDsendsomeonetocoventryID>
pass muster,<BERTRAM:IDpassmusterID>
shoot from the hip,<BERTRAM:IDshootfromthehipID>
peaches and cream,<BERTRAM:IDpeachesandcreamID>
hard as nails,<BERTRAM:IDhardasnailsID>
put up or shut up,<BERTRAM:IDputuporshutupID>
beat the meat,<BERTRAM:IDbeatthemeatID>
hold all the aces,<BERTRAM:IDholdalltheacesID>
on the double,<BERTRAM:IDonthedoubleID>
push the boat out,<BERTRAM:IDpushtheboatoutID>
small potatoes,<BERTRAM:IDsmallpotatoesID>
in the ballpark,<BERTRAM:IDintheballparkID>
don't give up the day job,<BERTRAM:IDdontgiveupthedayjobID>
hot to trot,<BERTRAM:IDhottotrotID>
come up roses,<BERTRAM:IDcomeuprosesID>
sell your soul,<BERTRAM:IDsellyoursoulID>
on a silver platter,<BERTRAM:IDonasilverplatterID>
give as good as you get,<BERTRAM:IDgiveasgoodasyougetID>
silent as the grave,<BERTRAM:IDsilentasthegraveID>
not miss a trick,<BERTRAM:IDnotmissatrickID>
nothing to write home about,<BERTRAM:IDnothingtowritehomeaboutID>
at full tilt,<BERTRAM:IDatfulltiltID>
on the pull,<BERTRAM:IDonthepullID>
take it on the chin,<BERTRAM:IDtakeitonthechinID>
long time no see,<BERTRAM:IDlongtimenoseeID>
tip the scales,<BERTRAM:IDtipthescalesID>
champ at the bit,<BERTRAM:IDchampatthebitID>
eat your words,<BERTRAM:IDeatyourwordsID>
pearly whites,<BERTRAM:IDpearlywhitesID>
blow your top,<BERTRAM:IDblowyourtopID>
take a shine to,<BERTRAM:IDtakeashinetoID>
get a handle on,<BERTRAM:IDgetahandleonID>
shoot the messenger,<BERTRAM:IDshootthemessengerID>
silence is golden,<BERTRAM:IDsilenceisgoldenID>
tempt fate,<BERTRAM:IDtemptfateID>
not much cop,<BERTRAM:IDnotmuchcopID>
talk of the devil,<BERTRAM:IDtalkofthedevilID>
you could have knocked me down with a feather,<BERTRAM:IDyoucouldhaveknockedmedownwithafeatherID>
get down to brass tacks,<BERTRAM:IDgetdowntobrasstacksID>
charity begins at home,<BERTRAM:IDcharitybeginsathomeID>
have someone's guts for garters,<BERTRAM:IDhavesomeonesgutsforgartersID>
dig up dirt,<BERTRAM:IDdigupdirtID>
full speed ahead,<BERTRAM:IDfullspeedaheadID>
"hook, line, and sinker",<BERTRAM:IDhooklineandsinkerID>
meet someone halfway,<BERTRAM:IDmeetsomeonehalfwayID>
not worth the candle,<BERTRAM:IDnotworththecandleID>
turn turtle,<BERTRAM:IDturnturtleID>
recharge your batteries,<BERTRAM:IDrechargeyourbatteriesID>
take a leak,<BERTRAM:IDtakealeakID>
cross my heart,<BERTRAM:IDcrossmyheartID>
slip of the pen,<BERTRAM:IDslipofthepenID>
better safe than sorry,<BERTRAM:IDbettersafethansorryID>
right up your street,<BERTRAM:IDrightupyourstreetID>
put your cards on the table,<BERTRAM:IDputyourcardsonthetableID>
no rest for the wicked,<BERTRAM:IDnorestforthewickedID>
safe as houses,<BERTRAM:IDsafeashousesID>
push the panic button,<BERTRAM:IDpushthepanicbuttonID>
go down like a lead balloon,<BERTRAM:IDgodownlikealeadballoonID>
cloth ears,<BERTRAM:IDclothearsID>
asleep at the wheel,<BERTRAM:IDasleepatthewheelID>
Pyrrhic victory,<BERTRAM:IDpyrrhicvictoryID>
cut your losses,<BERTRAM:IDcutyourlossesID>
strike it rich,<BERTRAM:IDstrikeitrichID>
the ball is in someone's court,<BERTRAM:IDtheballisinsomeonescourtID>
cut from the same cloth,<BERTRAM:IDcutfromthesameclothID>
get your hands dirty,<BERTRAM:IDgetyourhandsdirtyID>
see the elephant,<BERTRAM:IDseetheelephantID>
tread on someone's toes,<BERTRAM:IDtreadonsomeonestoesID>
Dutch courage,<BERTRAM:IDdutchcourageID>
"like father, like son",<BERTRAM:IDlikefatherlikesonID>
down and dirty,<BERTRAM:IDdownanddirtyID>
plain Jane,<BERTRAM:IDplainjaneID>
stick to your guns,<BERTRAM:IDsticktoyourgunsID>
bells and whistles,<BERTRAM:IDbellsandwhistlesID>
take a flyer,<BERTRAM:IDtakeaflyerID>
swing the lead,<BERTRAM:IDswingtheleadID>
eat your heart out,<BERTRAM:IDeatyourheartoutID>
she'll be right,<BERTRAM:IDshellberightID>
ride herd on,<BERTRAM:IDrideherdonID>
in high dudgeon,<BERTRAM:IDinhighdudgeonID>
pull your punches,<BERTRAM:IDpullyourpunchesID>
not to be sneezed at,<BERTRAM:IDnottobesneezedatID>
behind the curve,<BERTRAM:IDbehindthecurveID>
off and running,<BERTRAM:IDoffandrunningID>
straight from the horse's mouth,<BERTRAM:IDstraightfromthehorsesmouthID>
taste blood,<BERTRAM:IDtastebloodID>
bite the big one,<BERTRAM:IDbitethebigoneID>
take the fifth,<BERTRAM:IDtakethefifthID>
watch your back,<BERTRAM:IDwatchyourbackID>
draw a bead on,<BERTRAM:IDdrawabeadonID>
hang fire,<BERTRAM:IDhangfireID>
rhyme or reason,<BERTRAM:IDrhymeorreasonID>
blow off steam,<BERTRAM:IDblowoffsteamID>
not know you are born,<BERTRAM:IDnotknowyouarebornID>
betwixt and between,<BERTRAM:IDbetwixtandbetweenID>
stubborn as a mule,<BERTRAM:IDstubbornasamuleID>
dog in the manger,<BERTRAM:IDdoginthemangerID>
thanks for nothing,<BERTRAM:IDthanksfornothingID>
turn up like a bad penny,<BERTRAM:IDturnuplikeabadpennyID>
meet your Waterloo,<BERTRAM:IDmeetyourwaterlooID>
rain or shine,<BERTRAM:IDrainorshineID>
sweep someone off their feet,<BERTRAM:IDsweepsomeoneofftheirfeetID>
jump down someone's throat,<BERTRAM:IDjumpdownsomeonesthroatID>
six feet under,<BERTRAM:IDsixfeetunderID>
split the difference,<BERTRAM:IDsplitthedifferenceID>
not just a pretty face,<BERTRAM:IDnotjustaprettyfaceID>
good Samaritan,<BERTRAM:IDgoodsamaritanID>
plan B,<BERTRAM:IDplanbID>
banana republic,<BERTRAM:IDbananarepublicID>
cruising for a bruising,<BERTRAM:IDcruisingforabruisingID>
prop up the bar,<BERTRAM:IDpropupthebarID>
run before you can walk,<BERTRAM:IDrunbeforeyoucanwalkID>
beat the daylights out of,<BERTRAM:IDbeatthedaylightsoutofID>
stay the distance,<BERTRAM:IDstaythedistanceID>
put the moves on,<BERTRAM:IDputthemovesonID>
hit the ground running,<BERTRAM:IDhitthegroundrunningID>
pigs might fly,<BERTRAM:IDpigsmightflyID>
lie through your teeth,<BERTRAM:IDliethroughyourteethID>
tell tales out of school,<BERTRAM:IDtelltalesoutofschoolID>
in your element,<BERTRAM:IDinyourelementID>
let the genie out of the bottle,<BERTRAM:IDletthegenieoutofthebottleID>
under the gun,<BERTRAM:IDunderthegunID>
let the cat out of the bag,<BERTRAM:IDletthecatoutofthebagID>
rough around the edges,<BERTRAM:IDrougharoundtheedgesID>
cast the first stone,<BERTRAM:IDcastthefirststoneID>
get your skates on,<BERTRAM:IDgetyourskatesonID>
close but no cigar,<BERTRAM:IDclosebutnocigarID>
duck soup,<BERTRAM:IDducksoupID>
walk on eggshells,<BERTRAM:IDwalkoneggshellsID>
meet your match,<BERTRAM:IDmeetyourmatchID>
snap someone's head off,<BERTRAM:IDsnapsomeonesheadoffID>
up with the lark,<BERTRAM:IDupwiththelarkID>
get someone's goat,<BERTRAM:IDgetsomeonesgoatID>
in two shakes,<BERTRAM:IDintwoshakesID>
present company excepted,<BERTRAM:IDpresentcompanyexceptedID>
up a gum tree,<BERTRAM:IDupagumtreeID>
an Englishman's home is his castle,<BERTRAM:IDanenglishmanshomeishiscastleID>
spit feathers,<BERTRAM:IDspitfeathersID>
reinvent the wheel,<BERTRAM:IDreinventthewheelID>
still waters run deep,<BERTRAM:IDstillwatersrundeepID>
off your rocker,<BERTRAM:IDoffyourrockerID>
have a bash,<BERTRAM:IDhaveabashID>
run into the sand,<BERTRAM:IDrunintothesandID>
keep your eyes peeled,<BERTRAM:IDkeepyoureyespeeledID>
make bricks without straw,<BERTRAM:IDmakebrickswithoutstrawID>
too many cooks spoil the broth,<BERTRAM:IDtoomanycooksspoilthebrothID>
my foot!,<BERTRAM:IDmyfootID>
play for keeps,<BERTRAM:IDplayforkeepsID>
ahead of the curve,<BERTRAM:IDaheadofthecurveID>
bundle of joy,<BERTRAM:IDbundleofjoyID>
on a full stomach,<BERTRAM:IDonafullstomachID>
behind the eight ball,<BERTRAM:IDbehindtheeightballID>
follow your nose,<BERTRAM:IDfollowyournoseID>
take the gilt off the gingerbread,<BERTRAM:IDtakethegiltoffthegingerbreadID>
talk turkey,<BERTRAM:IDtalkturkeyID>
all over the show,<BERTRAM:IDallovertheshowID>
shuffle off this mortal coil,<BERTRAM:IDshuffleoffthismortalcoilID>
throw the baby out with the bathwater,<BERTRAM:IDthrowthebabyoutwiththebathwaterID>
feast or famine,<BERTRAM:IDfeastorfamineID>
seize the day,<BERTRAM:IDseizethedayID>
bum steer,<BERTRAM:IDbumsteerID>
every dog has its day,<BERTRAM:IDeverydoghasitsdayID>
bring someone to book,<BERTRAM:IDbringsomeonetobookID>
"in for a penny, in for a pound",<BERTRAM:IDinforapennyinforapoundID>
queer someone's pitch,<BERTRAM:IDqueersomeonespitchID>
near the knuckle,<BERTRAM:IDneartheknuckleID>
ask for the moon,<BERTRAM:IDaskforthemoonID>
die on the vine,<BERTRAM:IDdieonthevineID>
not to put too fine a point on it,<BERTRAM:IDnottoputtoofineapointonitID>
give someone a piece of your mind,<BERTRAM:IDgivesomeoneapieceofyourmindID>
how's tricks?,<BERTRAM:IDhowstricksID>
work your fingers to the bone,<BERTRAM:IDworkyourfingerstotheboneID>
from the horse's mouth,<BERTRAM:IDfromthehorsesmouthID>
keep someone posted,<BERTRAM:IDkeepsomeonepostedID>
pull your weight,<BERTRAM:IDpullyourweightID>
rob Peter to pay Paul,<BERTRAM:IDrobpetertopaypaulID>
whistle in the dark,<BERTRAM:IDwhistleinthedarkID>
come down the pike,<BERTRAM:IDcomedownthepikeID>
drink like a fish,<BERTRAM:IDdrinklikeafishID>
shoot the breeze,<BERTRAM:IDshootthebreezeID>
keep your nose to the grindstone,<BERTRAM:IDkeepyournosetothegrindstoneID>
split hairs,<BERTRAM:IDsplithairsID>
five-finger discount,<BERTRAM:IDfivefingerdiscountID>
turn a trick,<BERTRAM:IDturnatrickID>
to the max,<BERTRAM:IDtothemaxID>
go halves,<BERTRAM:IDgohalvesID>
hedge your bets,<BERTRAM:IDhedgeyourbetsID>
under the rose,<BERTRAM:IDundertheroseID>
thin as a rake,<BERTRAM:IDthinasarakeID>
up to snuff,<BERTRAM:IDuptosnuffID>
come with the territory,<BERTRAM:IDcomewiththeterritoryID>
give someone enough rope,<BERTRAM:IDgivesomeoneenoughropeID>
come out of your shell,<BERTRAM:IDcomeoutofyourshellID>
in your sights,<BERTRAM:IDinyoursightsID>
handsome is as handsome does,<BERTRAM:IDhandsomeisashandsomedoesID>
on the knocker,<BERTRAM:IDontheknockerID>
thumb your nose at,<BERTRAM:IDthumbyournoseatID>
play possum,<BERTRAM:IDplaypossumID>
burn rubber,<BERTRAM:IDburnrubberID>
fish in troubled waters,<BERTRAM:IDfishintroubledwatersID>
make yourself scarce,<BERTRAM:IDmakeyourselfscarceID>
a little bird told me,<BERTRAM:IDalittlebirdtoldmeID>
have someone on toast,<BERTRAM:IDhavesomeoneontoastID>
raise Cain,<BERTRAM:IDraisecainID>
full of the joys of spring,<BERTRAM:IDfullofthejoysofspringID>
"day in, day out",<BERTRAM:IDdayindayoutID>
draw stumps,<BERTRAM:IDdrawstumpsID>
cook someone's goose,<BERTRAM:IDcooksomeonesgooseID>
dead as a dodo,<BERTRAM:IDdeadasadodoID>
use a sledgehammer to crack a nut,<BERTRAM:IDuseasledgehammertocrackanutID>
go down the pan,<BERTRAM:IDgodownthepanID>
go the extra mile,<BERTRAM:IDgotheextramileID>
start off on the right foot,<BERTRAM:IDstartoffontherightfootID>
shoot the bull,<BERTRAM:IDshootthebullID>
honours are even,<BERTRAM:IDhonoursareevenID>
fire in the belly,<BERTRAM:IDfireinthebellyID>
walk the talk,<BERTRAM:IDwalkthetalkID>
blood and thunder,<BERTRAM:IDbloodandthunderID>
pull up stakes,<BERTRAM:IDpullupstakesID>
time and tide wait for no man,<BERTRAM:IDtimeandtidewaitfornomanID>
take a hike,<BERTRAM:IDtakeahikeID>
roll up your sleeves,<BERTRAM:IDrollupyoursleevesID>
have the hots for,<BERTRAM:IDhavethehotsforID>
cut a rug,<BERTRAM:IDcutarugID>
hit someone for six,<BERTRAM:IDhitsomeoneforsixID>
last hurrah,<BERTRAM:IDlasthurrahID>
spit the dummy,<BERTRAM:IDspitthedummyID>
play silly buggers,<BERTRAM:IDplaysillybuggersID>
chase rainbows,<BERTRAM:IDchaserainbowsID>
too many chiefs and not enough Indians,<BERTRAM:IDtoomanychiefsandnotenoughindiansID>
drop like flies,<BERTRAM:IDdroplikefliesID>
put someone out to pasture,<BERTRAM:IDputsomeoneouttopastureID>
cool your heels,<BERTRAM:IDcoolyourheelsID>
all over the map,<BERTRAM:IDalloverthemapID>
every man jack,<BERTRAM:IDeverymanjackID>
warm the cockles of someone's heart,<BERTRAM:IDwarmthecocklesofsomeonesheartID>
kick against the pricks,<BERTRAM:IDkickagainstthepricksID>
"more haste, less speed",<BERTRAM:IDmorehastelessspeedID>
tickle the ivories,<BERTRAM:IDtickletheivoriesID>
tough titty,<BERTRAM:IDtoughtittyID>
boots and all,<BERTRAM:IDbootsandallID>
go Dutch,<BERTRAM:IDgodutchID>
hit the skids,<BERTRAM:IDhittheskidsID>
keep on trucking,<BERTRAM:IDkeepontruckingID>
by the skin of your teeth,<BERTRAM:IDbytheskinofyourteethID>
not bat an eye,<BERTRAM:IDnotbataneyeID>
shipshape and Bristol fashion,<BERTRAM:IDshipshapeandbristolfashionID>
put your shoulder to the wheel,<BERTRAM:IDputyourshouldertothewheelID>
come to a pretty pass,<BERTRAM:IDcometoaprettypassID>
give someone the runaround,<BERTRAM:IDgivesomeonetherunaroundID>
meet your maker,<BERTRAM:IDmeetyourmakerID>
circle the wagons,<BERTRAM:IDcirclethewagonsID>
get a rise out of,<BERTRAM:IDgetariseoutofID>
jump the track,<BERTRAM:IDjumpthetrackID>
keep your head above water,<BERTRAM:IDkeepyourheadabovewaterID>
whistle Dixie,<BERTRAM:IDwhistledixieID>
swim with the tide,<BERTRAM:IDswimwiththetideID>
make a night of it,<BERTRAM:IDmakeanightofitID>
draw a line in the sand,<BERTRAM:IDdrawalineinthesandID>
drown your sorrows,<BERTRAM:IDdrownyoursorrowsID>
carry a torch for,<BERTRAM:IDcarryatorchforID>
blow the lid off,<BERTRAM:IDblowthelidoffID>
could eat a horse,<BERTRAM:IDcouldeatahorseID>
drag your feet,<BERTRAM:IDdragyourfeetID>
top dollar,<BERTRAM:IDtopdollarID>
it's all Greek to me,<BERTRAM:IDitsallgreektomeID>
dot the i's and cross the t's,<BERTRAM:IDdottheisandcrossthetsID>
haul someone over the coals,<BERTRAM:IDhaulsomeoneoverthecoalsID>
go to the mat,<BERTRAM:IDgotothematID>
roll with the punches,<BERTRAM:IDrollwiththepunchesID>
separate the sheep from the goats,<BERTRAM:IDseparatethesheepfromthegoatsID>
put your heads together,<BERTRAM:IDputyourheadstogetherID>
speak of the devil,<BERTRAM:IDspeakofthedevilID>
have a tiger by the tail,<BERTRAM:IDhaveatigerbythetailID>
duke it out,<BERTRAM:IDdukeitoutID>
beard the lion in his den,<BERTRAM:IDbeardthelioninhisdenID>
along about,<BERTRAM:IDalongaboutID>
no peace for the wicked,<BERTRAM:IDnopeaceforthewickedID>
spare the rod and spoil the child,<BERTRAM:IDsparetherodandspoilthechildID>
out of whack,<BERTRAM:IDoutofwhackID>
arse about face,<BERTRAM:IDarseaboutfaceID>
lose your marbles,<BERTRAM:IDloseyourmarblesID>
lock the stable door after the horse has bolted,<BERTRAM:IDlockthestabledoorafterthehorsehasboltedID>
be all ears,<BERTRAM:IDbeallearsID>
let someone down gently,<BERTRAM:IDletsomeonedowngentlyID>
"waste not, want not",<BERTRAM:IDwastenotwantnotID>
it never rains but it pours,<BERTRAM:IDitneverrainsbutitpoursID>
lower your sights,<BERTRAM:IDloweryoursightsID>
on your soapbox,<BERTRAM:IDonyoursoapboxID>
something nasty in the woodshed,<BERTRAM:IDsomethingnastyinthewoodshedID>
rain cats and dogs,<BERTRAM:IDraincatsanddogsID>
bury your head in the sand,<BERTRAM:IDburyyourheadinthesandID>
put on the ritz,<BERTRAM:IDputontheritzID>
see which way the cat jumps,<BERTRAM:IDseewhichwaythecatjumpsID>
go through the mill,<BERTRAM:IDgothroughthemillID>
bedroom eyes,<BERTRAM:IDbedroomeyesID>
them's the breaks,<BERTRAM:IDthemsthebreaksID>
cop a plea,<BERTRAM:IDcopapleaID>
blow your own trumpet,<BERTRAM:IDblowyourowntrumpetID>
big girl's blouse,<BERTRAM:IDbiggirlsblouseID>
make money hand over fist,<BERTRAM:IDmakemoneyhandoverfistID>
hit the hay,<BERTRAM:IDhitthehayID>
have a bun in the oven,<BERTRAM:IDhaveabunintheovenID>
from stem to stern,<BERTRAM:IDfromstemtosternID>
throw your hat in the ring,<BERTRAM:IDthrowyourhatintheringID>
hang tough,<BERTRAM:IDhangtoughID>
seeing is believing,<BERTRAM:IDseeingisbelievingID>
have someone by the short and curlies,<BERTRAM:IDhavesomeonebytheshortandcurliesID>
smoke and mirrors,<BERTRAM:IDsmokeandmirrorsID>
push someone's buttons,<BERTRAM:IDpushsomeonesbuttonsID>
keep your eye on the ball,<BERTRAM:IDkeepyoureyeontheballID>
catch someone napping,<BERTRAM:IDcatchsomeonenappingID>
knock someone's block off,<BERTRAM:IDknocksomeonesblockoffID>
put the screws on,<BERTRAM:IDputthescrewsonID>
quiet as a mouse,<BERTRAM:IDquietasamouseID>
kill the fatted calf,<BERTRAM:IDkillthefattedcalfID>
spread yourself too thin,<BERTRAM:IDspreadyourselftoothinID>
before you can say knife,<BERTRAM:IDbeforeyoucansayknifeID>
beat the rap,<BERTRAM:IDbeattherapID>
what's your poison?,<BERTRAM:IDwhatsyourpoisonID>
practise what you preach,<BERTRAM:IDpractisewhatyoupreachID>
there's no fool like an old fool,<BERTRAM:IDtheresnofoollikeanoldfoolID>
top banana,<BERTRAM:IDtopbananaID>
all dressed up and nowhere to go,<BERTRAM:IDalldressedupandnowheretogoID>
keep your nose clean,<BERTRAM:IDkeepyournosecleanID>
ring off the hook,<BERTRAM:IDringoffthehookID>
